Airline,Count
Hamburg Airways,720
American Airlines,533
United Airlines,491
Common_Tweet,409
DHL Aero Expreso,397
Delta Air Lines,311
Qantas,279
Ryanair,248
Common Sky,236
Jet Airways,216
Air Canada,182
Aer Lingus,171
Emirates,170
EasyJet,152
Air India,137
Flight Alaska,117
Indonesia AirAsia X,93
Virgin Atlantic Airways,90
Kenya Airways,85
Norwegian Air Shuttle,80
SpiceJet,78
JetBlue Airways,72
Cathay Dragon,64
KLM Cityhopper,64
Singapore Airlines,62
Lufthansa,60
TUI Airways,59
Cebu Pacific,55
Air New Zealand,55
Air France,54
Jet2,53
Vueling Airlines,53
Vistara,53
IndiGo,52
Etihad Airways,49
Eurowings Europe GmbH,48
Spirit Airlines,47
Siavia,46
GoAir,41
South African Airways,41
Flybe,41
Thomas Cook Airlines,40
Kish Airlines,40
Virgin Australia,37
TAP Air Portugal,37
Saudi Airlines,34
Frontier Airlines,32
Iberia,31
Kulula,30
Nordic Airways,29
Jetstar Pacific Airlines,29
Garuda Indonesia,28
Mango Airlines,27
Pakistan International Airlines,26
Alitalia,26
Ethiopian Airlines,24
Qatar Airways,23
Joy Air,22
Swiss Global Air Lines,22
WestJet Encore,20
Eurostar,20
Philippine Airlines,19
Malaysia Airlines,18
Fastjet Tanzania,18
Wizz Air,17
PB Air,17
Island Air Service,15
Austrian Airlines,15
RwandAir,15
Azman Air,15
Frontier Flying Service,14
Air Transat,13
Royal Air Force,13
SriLankan Airlines,13
Oman Air,13
Gulf Air,13
Brussels Airlines,12
Thai Airways,12
Scoot,12
Eagle Air Ltd,10
Hainan Airlines,9
All Nippon Airways,9
Africa World Airlines,8
Neos,7
City Jet,7
Safair,7
Air Malta,7
Tigerair Australia,7
Silverstone Air,7
Malindo Air,7
Loganair,7
Finnair,7
Pegasus Airlines,6
Jambojet Limited,6
Elysian Airlines,6
Porter Airlines,6
Kuwait Airways,6
Hawaiian Airlines,6
SA Airlink,5
Express Deal,5
East Star Airlines,5
Air Europa,5
Virgin America,5
Air Arabia ,5
TUIfly,5
Primera Air Nordic,5
Aeromexico,5
West Air (China),4
Transavia,4
Avianca Costa Rica,4
Aeroflot,4
EgyptAir,4
Interjet,4
Federal Air,3
Air North,3
Germania Flug,3
Copa Airlines Colombia,3
Royal Jordanian,3
British Midland Regional,3
Ukraine International Airlines,3
Aegean Airlines,3
Stobart Air,3
LAN Argentina,3
SunExpress,3
KC International Airlines Co. Ltd.,3
AirBaltic,3
AnadoluJet,2
Air Corsica,2
Bangkok Airways,2
WOW Air,2
Xiamen Airlines,2
SilkAir,2
Joon,2
HK Express,2
Norwegian Air UK,2
Air Canada Rouge,2
Sun Country Airlines,2
French Bee,2
Croatia Airlines,2
Flair Airlines,2
Citilink,2
Czech Airlines,2
Air Serbia,2
Buddha Air,2
EVA Air,2
Dana Air,2
Flyadeal,1
TUI Netherlands,1
Air Botswana,1
Apex Airline,1
Serene Air,1
Iran Air Tours,1
SaudiGulf Airlines,1
China Southern Airlines,1
Canaryfly,1
Shanghai Airlines,1
Precision Air,1
Hong Airlines,1
GoJet Airlines,1
Proflight,1
Binter Canarias,1
USA 3000 Airlines,1
Eagle Air Iceland,1
Air Seoul,1
Hi Fly,1
SkyWest Airlines,1
Air Mauritius,1
Air Algerie,1
Swoop,1
Cambodia Angkor Air,1
Aviator,1
El Al Israel Airlines,1
Condor Flugdienst,1
Deutsche Bahn AG,1
Arik Air,1
TruJet,1
Airblue,1
Daily Air,1
Inter Iles Air,1
Safarilink Aviation,1
Yeti Airlines,1
Air Astana,1
Titan Airways,1
Royal Brunei Airlines,1
Bulgaria Air,1
SATA Air Acores,1
Batik Air,1
Middle East Airlines,1
Air Dolomiti,1
Olympic Air,1
Cobalt Air,1
Sunwing Airlines,1
Fly Dubai ,1
Volaris,1
Japan Airlines,1
Air Tanzania,1
Air Italy,1
Fiji Airways,1
