Location,Count
Location Blocked,4964
India,409
Mumbai India,287
New Delhi India,257
London UK,255
United Kingdom,186
London,177
Australia,160
London England,153
Bengaluru India,139
Mumbai,129
United States,122
Kolkata India,100
Nairobi Kenya,79
Delhi India,72
Sydney,63
England United Kingdom,62
New Delhi,61
California USA,59
Melbourne Australia,59
Los Angeles CA,58
Washington DC,57
Sydney New South Wales,54
Sydney Australia,54
Pune India,51
Hyderabad India,50
New York NY,49
Melbourne Victoria,47
Worldwide,47
South Africa,42
Ireland,39
Palo Alto CA,39
UK,39
Bangalore,39
Dubai United Arab Emirates,39
Canada,38
Singapore,37
Delhi,37
Canberra,36
Dublin Ireland,36
San Francisco CA,36
Mersin Trkiye,35
Melbourne,34
T,34
Johannesburg South Africa,33
USA,33
Seattle WA,33
Dublin,31
Lagos Nigeria,30
Kenya,30
Global,29
Nairobi,29
Chicago IL,28
Paris France,28
Dublin City Ireland,28
Chennai India,28
Dallas TX,27
Jaipur India,26
Hong Kong,25
Manchester England,24
Ahmedabad,24
Noida India,24
Jakarta Capital Region,24
Surat India,23
Patiala India,23
Los Angeles,23
Atlanta GA,23
Nigeria,23
Paddington Sydney,22
Brisbane Queensland,21
Visakhapatnam,21
Doha Qatar,20
Houston TX,20
Perth Western Australia,20
Maharashtra India,19
Queensland Australia,19
New York USA,19
Cork Ireland,19
Gurgaon India,19
Everywhere,19
Texas USA,19
Kumbakonam India,19
Mumbai Maharashtra India,19
Brooklyn NY,19
Chennai City India,18
Manchester,18
Boston MA,18
Dubai,18
india,17
Florida USA,17
Kota India,17
Johannesburg,17
Earth,17
New York City,16
Paris,16
Between  and  feet,16
Chennai,16
Indonesia,16
Hyderabad,16
Vishakhapatnam India,16
wwwskycopcom,15
Philadelphia PA,15
DelhiNCR,15
California,15
France,15
NYC,15
Washington USA,14
Lyon France,14
A NY Girl n NYGiants World,14
Brisbane Australia,14
Toronto Ontario,14
Denver CO,14
Chennai city Tamilnadu India,14
Scotland United Kingdom,14
Gujarat India,14
Ecuador,14
Adelaide South Australia,14
Kampala Uganda,14
Manhattan NY,13
Sacramento CA,13
Read our daily updates at,13
Ottawa Ontario,13
Malaysia,13
Orlando FL,13
Planet Earth,13
Seattle,13
Miami FL,13
New York,13
Delhi  India,13
ottawa,13
Hull England,13
Europe,13
Noida,13
Delhi Bareilly,12
Patna India,12
Cardiff Wales,12
Tirupati South India,12
Liverpool England,12
New Zealand,12
Glasgow Scotland,12
Texas,12
Kansas City MO,12
US,12
Scotland,12
iPhone,12
Tamil Nadu India,11
london,11
Pretoria South Africa,11
Toronto,11
Victoria Australia,11
Harare Zimbabwe,11
Belfast,11
Indiana USA,11
Austin TX,11
Dubai UAE,11
Free State South Africa,11
mumbai,11
Philippines,11
Colorado USA,10
Edinburgh,10
Portland OR,10
San Antonio TX,10
Yorkshire,10
Florida,10
Brisbane,10
East Midlands England,10
Oakland CA,10
Michigan USA,10
Cape Town South Africa,10
Chandigarh India,10
San Diego CA,10
Coimbatore India,10
Belgium,10
Massachusetts USA,10
Pakistan,10
Dar es Salaam Tanzania,10
Las Vegas NV,10
Bangkok Thailand,9
Nashville TN,9
Chicago,9
Nottingham,9
South East England,9
Pennsylvania USA,9
Edinburgh Scotland,9
Chiranjiv Vihar Ghaziabad,9
Brussels Belgium,9
Cape Town,9
Germany,9
Alaska,9
Durban,9
Ethiopia,9
Pittsburgh PA,9
Maryland USA,9
Pune,9
feet,9
Riyadh,9
Republic of the Philippines,9
Jannat,9
Auckland New Zealand,8
Georgia USA,8
Lahore Pakistan,8
South West England,8
New Orleans LA,8
Wales United Kingdom,8
Raleigh NC,8
NOIDA  NEW DELHI Gurugram,8
Rockaway Beach NYC,8
black lives matter,8
World,8
Karachi Pakistan,8
Aurangabad India,8
Paris IledeFrance,8
San Francisco,8
Bharat,8
Kuala Lumpur Malaysia,8
Indianapolis IN,8
Phoenix AZ,8
Sunderland England,8
Latur India,8
Rwanda,7
Queensland,7
Detroit MI,7
Middle of Bedfordshire,7
Istanbul Trkiye,7
Essex,7
Arizona USA,7
The Netherlands,7
Berlin,7
mostly Loftus RD,7
Edmonton Alberta,7
Hamburg Germany,7
Kerala India,7
Hindustan,7
Bengaluru South India,7
NairobiKenya,7
Abuja Nigeria,7
Abu Dhabi,7
Mombasa Kenya,7
Manchester UK,7
North Cackalacky USA,7
Brighton England,7
Japan,7
Ohio USA,7
Glasgow,7
Bristol England,7
Kent,7
Ahmadabad Gujarat,7
Newcastle,7
St Kilda Melbourne,7
Aberdeen,7
Lincolnshire,7
essex,7
Maldives,7
Leeds,6
LA,6
Las Palmas de Gran Canaria Es,6
Helsinki Finland,6
Cambridge England,6
North West England,6
Punjab Pakistan,6
Tallahassee Florida,6
Vancouver,6
Atlanta,6
Madrid,6
Somewhere,6
Halifax Nova Scotia,6
Bombay,6
Amsterdam,6
New York City and Miami FL,6
Cochin India,6
Bhopal India,6
Constant State of Despair,6
earth,6
Wherever I am,6
Mxico Quintana Roo,6
Baltimore MD,6
Minnesota USA,6
Drogheda,6
Abu Dhabi UAE,6
Petaling Jaya Selangor,6
Finland,6
Here,6
Surrey UK,6
Nepal,6
Kano Lagos  Abuja,6
delhi,6
Colorado,6
Halifax NS Canada,6
Oceanside Ca,6
Tokyoto Japan,6
OccupyTheWorld,6
Lagos,6
North Carolina USA,6
Madrid Spain,6
Rajasthan India,6
England,6
Amsterdam the Netherlands,6
Birmingham England,6
uk,5
Pretoria,5
Birmingham UK,5
new delhi,5
Bulawayo Zimbabwe,5
Vancouver Canada,5
Sri Lanka,5
Ibadan Nigeria,5
Berlin Germany,5
Israel,5
Zurich Switzerland,5
Tokyo Japan,5
Illinois USA,5
Thane India,5
Bengaluru Karnataka,5
Ikoyi VI Nigeria,5
Michigan,5
Vancouver BC,5
best place on earth,5
Jima,5
Buckinghamshire UK,5
Kuwait,5
Argentina,5
Omaha NE,5
Queens NY,5
Hiraeth,5
Bhubaneshwar India,5
Leicester England,5
ItalyMilano,5
Dehradun India,5
Hull,5
Wellington City New Zealand,5
Columbus OH,5
Mostly found in Australia,5
Connecticut USA,5
Calgary,5
Agra,5
Kansas City,5
Toulouse France,5
Selangor Malaysia,5
Manila,5
New Delhi Delhi,5
Missouri USA,5
Kentucky USA,5
Moscow Russia,5
Fuengirola Spain,5
Guatemala,5
SLC  Notre Dame IN  NYC,5
New Jersey USA,5
Milton Keynes England,5
Accra Ghana,5
Ribble Valley England,5
LOS ANGELESCA,5
London United Kingdom,5
Radelaide,5
Lebanon,5
Liverpool,5
Sky UK,5
Amsterdam The Netherlands,5
Switzerland,5
Clearwater FL,5
Auckland,5
Rajkot India,5
Madras,5
San Francisco Bay Area,5
Tucson AZ,5
UO  PNW  SAS fa,5
Nashik India,5
Reading England,5
Vancouver BC Canada,5
Edinburgh Scotland UK,5
Lagos NYC Antwerpen,4
Northern Ireland United Kingdom,4
Loc Planet Earth,4
httpswwwinstagramcomlivefromalounge,4
Warsaw Poland,4
Copenhagen Denmark,4
Ciudad del Este,4
Italia,4
Thames Ditton,4
Lisboa Portugal,4
Chichester England,4
Zimbabwe,4
Calgary Alberta,4
Sandon North Herts  England,4
citizen of eastern seaboard,4
Strasbourg France,4
Nairobi kenya,4
Coventry England,4
Straya,4
Lucknow Uttar Pradesh,4
Cincinnati OH,4
Kigali Rwanda,4
Barcelona,4
Vancouver British Columbia,4
Montreal Quebec Canada,4
Mumbai Maharashtra,4
Newcastle upon Tyne,4
NoordHolland Nederland,4
British Columbia Canada,4
Kisumu Kenya,4
Charlotte NC,4
Abu Dhabi United Arab Emirate,4
Taipei City Taiwan,4
Addis Ababa,4
Copenhagen,4
Adelaide Australia,4
Shanghai,4
DC,4
Bedfordshire UK,4
Hendersonville TN,4
philippines,4
United Arab Emirates,4
Sunshine Coast Queensland,4
Mother Earth,4
bangalore,4
Beijing,4
Jersey,4
Nottingham England,4
Andhra Pradesh India,4
London Town,4
lah,4
Bristol,4
Moorgate Rotherham,4
Las Vegas,4
IledeFrance France,4
Bucharest,4
Bangalore India,4
Toronto Canada,4
Bradford England,4
In a wonderful world,4
West Midlands England,4
United States of America,4
SchipholRijk Haarlemmermeer,4
Western Australia Australia,4
Hawaii USA,4
Manning Point,4
Greensboro NC,4
Kerry Ireland,4
Adelaide,4
Toulouse,4
Kaduna Nigeria,4
Ohio,4
Youngstown OH,4
Djibouti,4
Boston,4
Bathinda India,4
AsiaPacific,4
Virginia USA,4
Netherlands,4
Rustenburg South Africa,4
Surrey,4
St Louis MO,4
Perth Australia,4
Bottesford England,4
Puerto Rico USA,4
Check out,4
Sydney NSW Australia,4
Global Indian,4
mumbai india,4
Manila Philippines,4
Louisville Kentucky,4
Cologne CGN Germany,4
Midrand South Africa,4
Olympia WA,4
unknown,4
Oslo Norway,4
Preferably above  feet,4
Bahrain,4
Switzerland Germany,4
Albury Australia,4
Greece,4
Windsor,4
Sheffield,4
Rosario Argentina,4
The Terran System,4
Oregon,4
City of London London,4
Italy,4
Alberta Canada,4
Minneapolis MN,4
Navi Mumbai India,4
Northsydneyvotes,4
Scottsdale AZ,3
Montral Qubec,3
New South Wales Australia,3
Universe,3
Ingerlund,3
on my feet,3
Canberra Region,3
West Footscray,3
Aspe Espaa,3
Bengaluru,3
Planet Earth Milky Way,3
Aberdeen Scotland,3
hollister ca,3
Alexandria VA,3
Southampton,3
Mangalore India,3
Oxford,3
Melbourne Oz,3
AUSTRALIA,3
Africa,3
Omnipresent,3
London Ontario,3
Limerick Ireland,3
Mobile AL,3
dublin,3
Jakarta Indonesia,3
Unknown,3
galera de bea,3
North London,3
KolkataIndia,3
Kisumu,3
Allschwil Schweiz,3
Kent England,3
Tiruchirapalli Tamil Nadu,3
In the sky lmao,3
Lincoln NE,3
New Haven CT,3
Richmond VA,3
Townsville Queensland,3
Lokoja Nigeria,3
New York  New Delhi,3
brisvegas,3
Cheshire West,3
Memphis TN,3
Washington DC Metro,3
Labrador,3
South East Asia,3
Randburg South Africa,3
Romania,3
ParisMontpellier France,3
Surrey England,3
Bunbury,3
Victoria BC,3
capetown,3
San Bernardino CA,3
wales,3
Pune Maharashtra,3
Austria,3
Newport Beach CA,3
Riyadh Kingdom of Saudi Arabi,3
WorldWide,3
Leeds England,3
Jamshedpur India,3
getting lost in the clouds,3
Paducah KY,3
Waterford Ireland,3
Islamabad Pakistan,3
Malibu LA,3
MALAYSIA,3
Peak District  Derbyshire,3
Brussels,3
Warrington England,3
Redmond WA,3
Kennesaw GA,3
Raipur  Chhattisgarh India,3
Philadelphia,3
nairobi,3
Nordics,3
New York New York,3
worldwide,3
Ghaziabad India,3
Bali Indonesia,3
everywhere,3
Neither here nor there,3
East London,3
INDIA,3
Karakib Planet,3
Reno NV,3
Udaipur,3
Durban South Africa,3
South Carolina,3
Wellington New Zealand,3
pune,3
Bay Area CA,3
Greater Seattle Washington,3
Maryland,3
Tasmania Australia,3
CDA  NYC,3
San Diego,3
Albuquerque NM,3
Kano Nigeria,3
Dallas Texas USA,3
Luzerne County PA USA,3
Jerusalem,3
Luton England,3
AZ,3
NIGERIAlasgidi,3
Louisville KY,3
Federal Capital Territory Nig,3
Bhandup West Mumbai,3
South Australia Australia,3
Massachusetts,3
Tokyo,3
North Chili NY,3
Auckland NZ,3
Tennessee USA,3
South Carolina USA,3
Kuala Lumpur City Kuala Lumpur Federal Territory,3
Portugal,3
Syracuse NY,3
Hyderabad  New Delhi India,3
attersee,3
Newcastle Upon Tyne England,3
Kiama,3
Cincinnati,3
the moon,3
Hell,3
Kathmandu,3
London via Australia,3
Northern Ireland,3
Aspen,3
Guwahati India,3
Mytchett UK,3
Barcelona Spain,3
New York NYEverywhere,3
kumarprasannargmailcom,3
My World,3
Surrey British Columbia,3
Brighton UK,3
NeuDelhi Republik Indien,3
National Capital Region,3
Abruzzo Italy,3
Kuala Lumpur City,3
Bay Area,3
Belfast Northern Ireland,3
Gallatin TN,3
Norway,3
West Yorkshire,3
DELHI,3
Indonesia Global,3
Las Vegas Nevada,3
Guanaba,3
australia,3
Brampton Ontario,3
Amsterdam North Holland,3
Asia,3
Boughton Monchelsea England,3
Naples FL,3
West Hollywood CA,3
Hawaii,3
Russia,3
Hampshire UK,3
ASEAN and Beyond,3
Broken Arrow OK,3
Lucknow  New Delhi  Mumbai,3
karnal India,3
SA TX,3
Antwerp Belgium,3
Perth,3
Amesbury,3
Gibraltar,3
Vitoria  Bilbao  Vitoria,3
Irvine CA,3
Brazil,3
Essex UK,3
Karnataka India,3
Redhill UK,3
EARTH,3
Bronx NY,3
Iowa USA,3
nomadic duties,3
Mgr JeruTillman,3
Spokane WA,3
melbourne australia,3
Bracknell England,3
Milan Lombardy,3
Home is where the logbooks are,3
Ottawa,3
Singapore  South Korea,3
Steamboat Springs CO,3
a happy place,3
Nashik,3
Edinburgh UK,3
Birmingham,3
Turku Finland,3
America,3
Abington MA,3
Spain,3
southern Rocky Mountains,3
Loughborough England,3
Hyderabad Andhra Pradesh,3
East Africa,3
San Francisco USA,3
SEMelb Vict Aust,3
Tuscaloosa AL,3
greetings earthlings,3
Kuala Lumpur,3
Ahmedabad  Edinburgh,3
Fort Worth TX,3
Riverdale x Lakewood,3
London  Buckingham Palace,3
Deep North,3
Austin Texas,3
Co Director Consultancy,3
Fordwich Kent UK,3
Bihar India,3
Travellling Wilbury MeToo,3
Honolulu HI,3
Finland Greece,3
Whistler Canada,2
Pennington NJ,2
Basel Switzerland,2
Accra,2
Tempe AZ,2
RAF Coningsby Lincolnshire GB,2
Oxnard CA,2
Chelmsford East,2
Qubec Canada,2
Suomi,2
International,2
Oxford UK,2
The South,2
My Blog,2
Victoria British Columbia,2
Rajendra Nagar,2
OaklandYokosukaDC,2
Pondicherry  Mumbai,2
On The Move,2
Canada  Europe Berlin,2
Ghaziabad  Delhi,2
NSW Australia,2
Lichfield England,2
Lisbon,2
The Universe,2
Lakewood OH,2
Maine USA,2
Somewhere on OS map  or,2
Mountain View CA,2
Bath England,2
Kolkata,2
Clermont FL,2
Jerusalem Israel,2
Not Applicable,2
East Coast,2
Udaipur India,2
Teh Ajnala Amritsar punjab,2
Various,2
Gloucestershire,2
Chile,2
mangalore,2
NorthfieldMN  InterlochenMI,2
Buffalo NY,2
Lusaka Zambia,2
Lafayette CA,2
Cumbria UK,2
Lincoln England,2
Nrb,2
Windsor England,2
canada,2
Dilli,2
Jammu Jammu And Kashmir,2
Gurgaonindia,2
MarlowBrighton,2
Kingdom of Saudi Arabia,2
Flower Mound TX,2
Nederland,2
Barwon Heads,2
Up your ass  to the left,2
Chelsea AL,2
West Warwick RI,2
Mississippi USA,2
chennai,2
Coslada Espaa,2
St Helens Larapuna Tasmania,2
Estdio Do Drago,2
East London South Africa,2
Jhansi India,2
HuytonwithRoby England,2
Bega NSW Australia,2
africa,2
outro tear,2
NJ,2
Cornwall,2
PH,2
Barbados,2
city above the Shiva Trident,2
PEIslander living in the North,2
Canon EOS D Mark IV,2
AB,2
DecaturGa USA,2
Cardiff,2
Utah USA,2
jamhor,2
Arlington VA,2
Merica,2
County Durham,2
the hague,2
Kent WA,2
En altitude,2
stealin the aux,2
Brighton  Ontario,2
Santa Barbara,2
New Delhi Meerut India,2
That depends,2
UAE,2
home,2
outside Boston,2
Nunya but i am surrounded by trees,2
MuscatOman,2
Trinidad and Tobago,2
Southampton England,2
Colchester Essex UK,2
Paris old EU,2
Ibiza Spain,2
California Republic,2
Wigan,2
Berazategui Buenos Aires Arg,2
An ashamed Australian but not giving up,2
MumbaiPune,2
Research Triangle Region NC,2
Stellenbosch South Africa,2
Auburn Mi USA,2
Viersen Deutschland,2
Hunter Valley Australia,2
Pacifica CA,2
Lake Forest CA,2
Marrickville Sydney,2
Burlington VT,2
Shahdara New Delhi,2
Silver Spring MD,2
somewhere and everywhere,2
East Grinstead South East,2
Canberra Australia,2
Derry  Londonderry,2
Qubec QC Canada,2
London LA,2
Dombivli,2
Route  Lake Wazzapamani,2
RANGERSTOWN,2
Arlington TX,2
Fukuoka Japan,2
Thirsk,2
Millisle Northern Ireland,2
SchweizerReneke South Africa,2
Twitter HD,2
Dehra Dun,2
Townsville,2
Chandigarh,2
Qatar,2
Wirral,2
Northern QueenslandAustralia,2
marrickville,2
Californian New Yorker  Paris,2
Mississauga Ontario,2
Bellevue WA,2
jefferson city missouri USA,2
HyderabadVizag,2
Durham NC,2
LOSABV,2
San Francisco East Bay,2
England mostly,2
South Los Angeles Los Angeles,2
Jalandhar India,2
Louisiana USA,2
New Delhi  Thiruvananthapuram,2
Ottawa Ontario Canada,2
Meridian Idaho,2
Brighton AU  Las Vegas NV,2
Hamilton Ontario,2
Oldham England,2
Costa Rica,2
manchester,2
Vietnam,2
Yorkshire and The Humber,2
Islington London,2
Jessore Bangladesh,2
Cyprus,2
San Antonio Texas,2
TEXAS Johns IslandSC,2
Beertown WI,2
San Jose Costa Rica,2
Monroe Louisiana,2
New Hampshire,2
Rio de Janeiro,2
Penistone England,2
Dallas Tx,2
Syresham England,2
DublinIreland,2
Cyberjaya,2
Hampshire,2
Deep in the heart of Texas,2
halsey,2
South Florida,2
brooklyn ny,2
Anywhere Where I Tweet,2
Murray BridgeSacramento CA,2
Barcelona Catalunya,2
Salt Lake City UT,2
Marlinspike Hall,2
Erlanger KY,2
Fort Collins CO,2
Ciamis,2
Bangladesh,2
AWR IN,2
Menlo Park CA,2
Spintex Ghana,2
Nadiad,2
BiellaTorino,2
East England,2
City Heart  Naya Paltan th Flr Dhaka Bangladesh,2
Sarasota FL,2
Hampshire  London,2
Marietta GA,2
Exeter,2
Canberra Ngunnawal Country,2
Katlehong South Africa,2
Mpumalanga South Africa,2
Brighton,2
Toledo OH,2
Southend on Sea Essex,2
Arse end of planet JusticeMatters,2
Stansted UK,2
Why not put a blockchain on it,2
Northampton England,2
YEG,2
Halifax or Kop Block,2
Jaipur,2
Hobart Australia,2
Granada Andaluca,2
Watford East,2
Victoria,2
Land of Sun,2
San JoseCA,2
Ontario Canada,2
Arkansas USA,2
Justin,2
nairobikenya,2
Stockholm Sweden,2
Gold Coast Queensland,2
South Africa for now,2
chandigarh,2
my Ravens  Talkin,2
Perpignan PGFLFMP,2
Vizag,2
Huntington Beach CA,2
DharawalNgunnawal Nations Oz,2
Northland New Zealand,2
Kent UK,2
Spain  BTSGiifs,2
In the moment,2
Parts Unknown,2
Mombasa,2
Bromham Bedfordshire,2
Europa,2
Instagram anasalva,2
Prayagraj,2
Rajkot,2
Gaia,2
Garstang,2
Vauxhall London,2
BellevillesurSaone France,2
Ealing London,2
ParisFrance,2
Bloemfontein South Africa,2
The Highlands,2
Walsall UK,2
Tropopause,2
Goinia Brasil,2
Colchester,2
Oregon USA,2
Helsinki Southern Finland Fi,2
Espoo Suomi,2
Nosebody Nose NY,2
Cleveland OH,2
Sydney Oz,2
Dhaka Bangladesh,2
CA,2
Gauteng,2
Attiki Greece,2
ManteslaJolie France,2
Dallas,2
Orlando Florida,2
Kigali  Rwanda,2
Merton Greater London United,2
Seaside CA,2
Sangli India,2
Williamsburg Brooklyn,2
NY,2
Maui Hawaii,2
Luxembourg,2
Eugene OR,2
Toronto ON,2
Kozhikode India,2
Asia Pacific,2
Paisley,2
Winnipeg Manitoba,2
Helsinki Suomi,2
Uk,2
liverpool,2
Laie HI,2
Maidenhead UK,2
t da,2
Stevenage Hertfordshire,2
Makati City,2
The Grange,2
Kumasi Ghana,2
central coast,2
Chicago  Minneapolis,2
Santa Cruz de Tenerife,2
San Juan Puerto Rico,2
EVERYWHERE USA,2
Deutschland,2
Iran,2
Happydale,2
UpstateNY Birthday May,2
NJNYC,2
Alpes Maritimes   Mandelieu,2
Usually at ft  London,2
Planet Universe,2
Varanasi India,2
West Sussex,2
Athens Greece,2
Bedford England,2
SOUTH AFRICA,2
LA NY  Cupertino,2
Venezuela,2
Down Under,2
jakarta Indonesia,2
PA  Bmore  Orlando,2
Portland,2
Kunda Pratapgarh Uttar pradesh,2
Newark DE,2
Reading England UK,2
Seattle Washington,2
The Cradle of Rugby,2
Raipur,2
Paisley Scotland,2
Wallasey,2
Gold Coast Australia,2
KENYA,2
Los Angeles California USA,2
Lancs UK,2
Haddonfield NJ,2
Los Angeles and Vancouver,2
Wisconsin USA,2
Alberta,2
Minneapolis,2
Denver Colorado USA,2
Cary NC,2
At the intersection of xanax and alcohol,2
Jacksonville Beach FL,2
Rural North Wilts,2
North Borneo  Sabah,2
Gurgaon,2
Helsinki,2
surat,2
Byron Bay New South Wales,2
Colombia,2
chennaiIndia,2
Virtual World,2
wherever i go there i am,2
Bend OR,2
Wales,2
Morrisville NC,2
Polska,2
Alabama,2
In Ocean  On stolen Gadubanud Land aka Victoria Australia,2
Haaltert Belgi,2
Australia Garigal Land,2
Maua Kenya,2
underground,2
South,2
Kiambu Kenya,2
Leicester,2
Buenos Aires,2
Holly Springs NC,2
New South Wales,2
Greater Vancouver Area,2
kenya,2
North Coast USA,2
Montreal Canada,2
infoconnecttechnocom,2
Based in Dublin Ireland,2
here,2
Mawson Lakes South Australia,2
canberra,2
Jamaica LA London all ova,2
acadia road,2
Bristol UK,2
Naples FL USA,2
bio construction site,2
Myrtle Beach SC,2
Derby,2
On my train of thought,2
Burbank CA,2
Sylhet Bangladesh,2
Toscana Italia,2
Tenterden England,2
Kuala Langat Selangor,2
lebanon,2
Get a warrant,2
eldoret,2
Puducherry,2
i dont know,2
Taunton Somerset,2
Gilbert AZ,2
Airport Munich,2
Nassarawa GRA Kano,2
Frankfurt Germany,2
Tezpur Assam,2
Bandung Jawa Barat,2
Belo Horizonte,2
Quezon City,2
RSA,2
Jeetho,2
Yorkshire and The Humber England,2
Trafalgar Madrid,2
Surat Gujarat,2
Peoria AZ,2
Global Citizen,2
Sheffield England,2
Dundee Scotland,2
Wherever my  leads me,2
Madrid Comunidad de Madrid,2
Espaa,2
The Cheeseroom,2
DelhiBangalore,2
Jabalpur India,2
Sialkot Pakistan,2
Connecticut,2
Middlesex UK,2
StokeonTrent England,2
KhapuraPaliganjPatnaIndia,2
Wiltshire,2
On a plane,2
Farnborough UK,2
Tucson Arizona,2
Cymru  Wales,2
North East England,2
Kolkata  INDIA,2
NYC by proxy,2
the internet,2
An angel in the city,2
Island girl living in the USA,2
Boston Surrey  Sussex,2
Central Coast NSW,2
Indianapolis,2
Bellevue WA via SFO,2
Eldoret Kenya,2
Central New York,2
Aptos California,2
e l b l m  mcu  star wars,2
Fleet Hampshire England,2
Brownsburg IN,2
San Francisco NYC,2
Galaxy of Love,2
St Cloud MN,2
lo,2
Karachi,2
Goa India,2
Swindon UK,2
Chennai Tamil Nadu,2
Space Coast FL,2
LEEDS England,2
Saudia Arabia,2
Birmingham AL,2
Makkah Al Mukarrama Kingdom of Saudi Arabia,2
Derby England,2
Vadodara,2
bts  bnha,2
Swansea South wales,2
Bunbury WA,2
Des Moines Iowa,2
Cheshire,2
BostonMattapan MA,2
ALL AROUND THE WORLD,2
New Albany IN,2
Cavan Ireland,2
Bangkok,2
ft,2
Cuckoo Land,2
Tacoma WA,2
Sierra Leone,2
DFW,2
Calgary AB,2
Wolverhampton UK,2
New Delhi  Mumbai,2
Scotch Plains NJ,2
Placentia CA,2
Portland Oregon,2
Mid Atlantic,2
Found,2
San Jose CA,2
Maiduguri Nigeria,2
Barossa Valley South Australia,2
Tarragona,2
Cambridge,2
Earth until evacuation time,2
Great Barrier Reef Australia,2
Istanbul Turkey,2
Universal,2
Atlanta Georgia,2
miami,2
Newcastle New South Wales,2
Money Earth,2
Washington DC  Global,2
Norwich,2
Hungary,2
Kedah Malaysia,2
Isle of Man,2
Lancashire,2
Long Beach CA aka LBC,2
Cork,2
downtown Canada,2
Gorakhpur India,2
Kotara Newcastle,2
Macclesfield,2
Vadodra Gujarat,2
Virginia,2
Ayr Scotland,2
Narok Kenya,2
FRANKFORTKY,2
Vancouver British Columbia Canada,2
Rawalpindi Pakistan,2
Centurion,2
The Spice Islands,2
SF,2
DURBAN,2
Stalag,2
Namibia,2
paris,2
Wurundjeri Land,2
Bengaluru Malayalee,2
Somerset UK,2
Sailing on a ship in a bottle,2
Liverpool Planet Earth,2
MurrayMallee,2
dakshinbharat,2
Friedrichshain Berlin,2
Roma,2
Daylesford Victoria Australia,2
Maine  Clarksville TN,2
Scarborough Toronto Canada,2
Silchar Assam India,2
BB UK,2
Vienna Austria,2
BrightonLondonWorld,2
Addis Ababa Ethiopia,2
Tokyo JAPAN,2
MA,2
Lahore,2
Bury,2
Francistown Botswana,2
Ipswich England,2
Atwater CA,2
Ocean Grove  Barwon Heads and lots of time in Adelaide,2
minneapolis,2
Abu Dhabi United Arab Emirates,2
Pasir Mas,2
Newbury Park CA,2
wwwhalalplanetcom,2
Kildare Ireland,2
Darlinghurst Sydney,2
Guayaquil Ecuador,2
Jacksonville FL,2
Scottsdale,2
DUBAI,2
Melbourne now but WA proud,2
Singapour,2
Gainesville FL,2
Bandung,2
Hoofddorp,2
Sydney  Australia,2
Saudi Arabia  Madinah,2
West Sussex UK,2
Aligarh India  kashmir,2
toronto,2
Tilted Towers,2
Johor Bahru Johor,2
In a Grain of This Universe,2
Probably on a bus,2
Jerusalem   Paris,2
Swansea Wales,2
Hamburg Deutschland,2
Kuwait City,2
Sandton South Africa,2
Cincinnati Ohio,2
Suisse,2
Ladera Ranch CA,2
Montana,2
Myanmar,2
Europe  Worldwide,2
Davao,2
Sharjah UAE,2
BHARATBIHARBGPBENGALBEHALA,2
Nova Scotia,2
db,2
Far EastNorthEastJapan,2
Melbourne Victoria Australia,2
TorontoCanada,2
Now London    Next,2
iCloud,2
surrey,2
Georgia,2
NAIROBIKENYA,2
Devon European Union,2
Greenwich London,2
Compton CA,2
Montreal via Argentina,2
Ambattur,2
los angeles,2
WA  PDX  CT  NYC  LA,2
Peterborough England,2
Isle of Man UK,2
Miami Florida,2
Tampa,2
The Void,2
Denmark,2
Wakanda,2
Cali Colombia,2
Occupied Duwamish territory,2
Carlstadt NJ,2
sg,2
HKG TPE PVG or  ft,2
GLA,1
Leeuwarden,1
Plough Lane SW,1
DohaQatar,1
Kobe Japon,1
Man On The Moon,1
Preston England,1
Your local newsstand,1
AU,1
Mexicali Baja,1
Smyrna GA,1
Lawton OK,1
The Nati,1
BrisVegas for now,1
Bethel north wales,1
Limerick via Dublin via Prague,1
south Africa,1
Missing Wor Max Walking Pippa,1
lonely night,1
Barossaedge,1
Dayton OH,1
Colombo,1
United States AR,1
liveleeks,1
Ahmedabad Gujarat India,1
Where the sky meets with d sea,1
FLNYC and everywhere else,1
Auburn,1
Huddersfield England,1
AOL Ashram Bengaluru,1
Rabat,1
Land of Take What You Want,1
Wellington,1
Under the blue sky,1
FUK JP,1
Where ever I need to be,1
Nowhere USA Somewhere here,1
Biafra Africa,1
FrankfurtGermany,1
Wyckoff NJ,1
ATT Park,1
Calabarzon,1
Middlesex England,1
Oswestry England,1
Herts  London UK,1
Massillon OH,1
Morristown NJ  USA,1
north jersey,1
Undisclosed Location,1
Bruxelles Belgique,1
Hillsboro OR,1
Beirut,1
Kazakhstan,1
Toronto CANADA,1
Bear DE,1
Athens GA,1
Chendambuya United Kingdom,1
Tasmania,1
Wales UK,1
East Lothian Scotland,1
weird interests,1
Dudley England,1
Przezmerowo Poland,1
MtubatubaSouth Africa,1
Columbus GA,1
South Wales,1
Sugar Hill GA,1
County Durham UK,1
Oxford MS,1
Worked with United Nation,1
GHANA,1
Pompano Beach FL,1
the doofus factory,1
Based at  UK Airports,1
cobra island,1
still trying to find myself,1
Sweden,1
Tralonca  Calasima,1
On board  online,1
Heart,1
Bitchville Manor,1
sonora,1
USA of course,1
Itiyoya Shashemene,1
Country NSW,1
Poughkeepsie NY,1
SIlicon Vallley,1
noah cyrus,1
Anywhere USA,1
Miramar FL,1
Liaoning,1
Swindon,1
road trail track and gravel,1
Fortitude Valley Brisbane,1
KisumuKenya,1
USA  INTERNATIONAL,1
preston,1
IndiaNew DelhiGurgaon,1
Remuna India,1
Sc Tafdon,1
DCA,1
Hasliberg Switzerland,1
National Capital Region Republic of the Philippines,1
Medway Towns Kent UK,1
Midwest via Texas,1
Federal Way WA,1
NYLA,1
La Rochelle,1
Stanmore,1
So Bernardo do Campo Brasil,1
Dumaguete City,1
Sunnydale CA,1
NYC USA,1
Suffolk,1
Greater Boston Area,1
Durham,1
everywhere you need us to be,1
Soweto South Africa,1
cryptos,1
Dhahran Kingdom of Saudi Arabia,1
Tamaki Makaurau,1
Brick NJ,1
Hall of Fame CITY,1
Riverside CA,1
A shithole in Africa,1
LON  LJU  BCN  PAR,1
Puerto Montt  Puerto Varas,1
STELLIES  JHB  SA,1
Nairobi Online,1
Opelousas LA,1
new york city,1
Barnsley,1
Languages  Speak  Write,1
Hove,1
Vasant Vihar New Delhi,1
jamshedpur,1
Chicopee MA,1
Usually on a Plane,1
McCalisters Back Door,1
AlburyWodonga,1
Inside the Wire,1
Key West FL,1
Manningtree,1
tea,1
Edi,1
Hamilton NZ,1
Singapore  Hong Kong,1
Paraaque,1
malaysia,1
Above the Maginot Line,1
West Glacier MT,1
Clerkenwell London,1
Location EARTH,1
Pacific Plate,1
Bassingbourn England,1
Oakland,1
London  San Francisco,1
Guadalupe Nuevo Len,1
Ahmedabad  Pune,1
Christchurch New Zealand,1
McLean VA  Diego Garcia,1
Centurion Pretoria,1
Nelson Lancs,1
visakhapatnam,1
OH,1
Routes HQ  Manchester,1
Orem Utah,1
Halifax NS,1
Saudi Arabia  Ethiopia  UAE,1
Western australia,1
New Delhi NCR,1
Huntington NY,1
TN  KL,1
Stoney Creek,1
Moira or Portstewart NI,1
Deltona FL,1
Saturn,1
The Atmosphere,1
Grimsby England,1
Indore,1
Hopefully Vegas likely Boston,1
theythem    south london,1
Rio de Janeiro Brazil,1
Bogot DC Colombia,1
Here There Everywhere,1
Oblivion,1
Welcome To Reyville,1
Fort Area Mumbai,1
Kobeshi,1
Tropical FNQ Outback Australia,1
south lanarkshire,1
MN,1
Oakleigh Melbourne,1
Australia Queensland,1
Lakeville Indiana,1
sunderland,1
Sneads Ferry NC,1
Orlando FLReisterstown MD,1
Fresno CA,1
From my phone,1
With my nose in a book,1
LA  AZ  beyond,1
Jacksonville Florida,1
Durban born  Ibiza living,1
TriState Area,1
Merimbula NSW,1
Business NewsGlobalInfo privacyonly  person operates in pvt space not at public place nor wifi zonenor shares info offline,1
StockportManchesterUK,1
LatijnsAmerika,1
Jaipur Rajasthan India,1
arkansas,1
Republic of Belarus,1
South AfricaCape Town,1
Mahadevapura Bengaluru South,1
Narnaul HaryanaIndia,1
BrisVegas QUEENSLANDER,1
Winter Park FL,1
Terres Australes et Antarctiqu,1
cebu city,1
Risa,1
Taguig City,1
valencia,1
KLOU KSDF KY,1
Yuggera landsunny coast Qld,1
Manipur,1
Katy Tx,1
Waverly IA,1
Giyani Limpopo Province Sout,1
Huelva Espaa,1
Udupi India,1
Essex University of Sheffield,1
Great Southern Land,1
glasgow  scotland,1
Enfield London,1
heaven with Berlino,1
Profile Original  Official,1
Harlow essex,1
Aruba,1
The Beautiful South of UK,1
Somewhere below the basement,1
Braintree Essex,1
Centurion South Africa,1
Chebs SSS,1
PNW,1
Pontypridd South Wales,1
Wherever parathas are found,1
The Shire aka Oregon,1
jeddah  Dubai,1
BANGLADESH,1
Shiprock via ABQ via PuebloCO,1
Santa Fe NM,1
Londonin Paris A LOT,1
NairobiKENYA,1
Melbourne Australia Scotland is my spiritual home,1
Surfers Paradise,1
Not on Twitter,1
Outremer,1
Kharagpur India,1
NAVI MUMBAI,1
Omnidea,1
Dasmarias CavitePhilippines,1
Porto,1
MADRAS,1
CHF THB,1
Pinner,1
Roaming,1
So Jos do Rio Preto Brasil,1
Vaasa Finland,1
banglore,1
EDI LHR LGW MAN ORK YYC,1
Zagreb,1
Ellon Scotland,1
Hamminkeln Deutschland,1
LSF,1
estelle,1
Lagosnigeria,1
Mueang Pattaya Thailand,1
NEW DELHI,1
Snodland Kent,1
Kefalonia Greece,1
where the panthers go,1
HND  NRT  KOJ,1
Fort Lauderdale FL,1
Outpost,1
watford,1
Stroud Glos,1
Alloa Scotland,1
The Beautiful Black Country,1
Bellevue Hill Sydney,1
Fort Lupton CO,1
syderney,1
Dorking Surrey UK,1
CCJ IND,1
Namma Chennai,1
Vermont,1
boston ma,1
The Great Northwest,1
LONDON,1
Odisha,1
berkhamsted,1
My Mind,1
Eventhorizon,1
Lancaster,1
Ubiquitously Present,1
Global citizenGranadaSpain,1
Palermo Sicily,1
manchesterselangor,1
traditional territory of HuronWendat Abenaki Wabanaki Confederacy Wolastoqiyik  Haudenosaunee  Qubec,1
Perth Antipodes,1
Mtwapa Kenya,1
Obscurity,1
Oyster Point New Haven,1
Bargoed South Wales,1
C Segovia   Sevilla,1
Sofia Bulgaria,1
Orange County CA,1
Delhi  Pune,1
dh Haag,1
Englewood Cliffs NJ,1
DublinLimerick,1
Kuala Lumpur Federal Territory Malaysia,1
Levittown NY,1
Great Mills Md,1
George Town MY,1
cincinnati,1
Troy MI,1
London NW,1
Hong KongAustralia,1
Fort Dodge Iowa,1
Whitstable Kent,1
Surrey  Cheshire  Ibiza,1
Suisun City CA,1
Greer SC,1
Buenos Aires Argentina,1
Kokkino Chorio Crete,1
venus,1
Haiti,1
dublin ireland,1
psawanegmailcom,1
Amalapuram,1
charlotte nc,1
Sunny California,1
almostlincolnshire,1
Honolulu Zoo,1
Berkeley CA,1
Manta manabi ecuador,1
Salt Lake City,1
Potts Point NSW Australia,1
Wandering,1
Hastings East Sussex UK,1
Wiltshire England,1
Mumbai Ahmedabad  India,1
Bharat  MiddleEast,1
BromleyLondon UK Delaware USA,1
Albourne England,1
Gloucester England,1
Sydney NSW,1
Salem OR,1
Right hereright now,1
Blue Earth MN,1
Jeffreys Bay South Africa,1
Greene County TN,1
Murrieta California,1
NYC via Boston,1
GainesvilleOcala FL,1
Maharashtra,1
BangaloreIndia,1
Burleigh WatersQueensland,1
Wickford,1
Bat Cave,1
Victoria BC Canada,1
Crumpsall M LY,1
Prishtina,1
LA Bred  NOLA Based,1
Melbourne Vic,1
Bhonsadiwala Pakistan,1
Oklahoma City  Rochester NY,1
kmkrispy,1
Springfield MA,1
Zongo,1
Market Harborough,1
The Hague,1
Southern Highlands,1
Pembrokeshire,1
Van Alstyne Texas,1
Plymouth MA,1
CincyNKY MSA,1
Nsw australia,1
Vermont USA,1
South East London,1
Dubin Ireland,1
A long way from Equestria UK,1
Toronto  Dubai,1
Augusta GA,1
Brrrrrrrristol,1
Betwixt Your Dimpled Knees,1
Themyscira,1
kuala lumpur,1
Memphis  Nashville TN,1
Edinburgh  ROW,1
Rocky Mountains,1
NEW YORK,1
Kln Germany,1
Resistance,1
victoria Melbourne,1
movewithdoyingmailcom,1
Usually bahrainusaeurope,1
Breizh pointe du Raz,1
AfriKa,1
jw,1
SydneyMollymookLondon Padstow,1
Chatham Dockyard South East,1
TrollvilleLouisianaUSA,1
Kings Langley Hertfordshire,1
Peru  Lima,1
Capitalist Hell USA,1
brisbane boring  weirdo,1
tamworth,1
CA not Russia lol,1
Gdforskn,1
Bucuresti Romnia,1
CefnCoedyCymmer Wales,1
Parma Emilia Romagna Italia,1
London and Berlin,1
West Sussex England,1
jax florida,1
chinawicklowdublin,1
Columbus Oh,1
Wathaurong Country,1
Valenciennes,1
Rock Hill SC,1
Addis Omicron Persei,1
Roxboro NC,1
Central Valley CA,1
Lichfield UK,1
The Red Side Of Manchester,1
The Shire,1
Mumbai  Delhi,1
Tup north to some UK,1
In a Glass Bowl,1
the mean reds,1
Chicago Illinois,1
Hamilton OH,1
Disneyland or in the TARDIS,1
shanghai,1
Punta del Este Uruguay,1
Chester Basin NS,1
Bharatvarsh,1
Astora,1
Stuck in traffic,1
Kuala Lumpur Wilayah Persekutuan Kuala Lumpur,1
The Dancefloor,1
Kenya DRC,1
Norfolk,1
San Ramon CA,1
Nantes France,1
Brixton England,1
Le VieilEvreux France,1
london and twells,1
Caerphilly via Port Talbot,1
Poole Dorset,1
Lewes Sussex,1
Puerto Rico,1
Bedfordshire,1
Frankfurt am Main,1
seattle WA,1
Hong Kong China,1
Thomasville NC,1
A wetland or drain near you,1
Bhopal,1
Fort Smith Arkansas,1
Chesterfield Derbyshire,1
Alnwick Northumberland,1
Bourne England,1
The land of the Longleaf Pine,1
South Yorkshire,1
Drives Fast Loves Slow,1
kansas,1
Pontypridd Wales,1
Cloudy Night Skys,1
Malibu CA,1
Chester VA,1
New Mexico,1
always one for the road,1
Wakefield United Kingdom,1
Dubai UAE Middle East,1
Bonn Germany,1
The republic of america,1
Asir Kingdom of Saudi Arabia,1
Academia OT,1
Plumstead London,1
Shoalhaven NSW Australia,1
Ferndale WA,1
Network of  Schools  Growing,1
UN,1
Billingham Cleveland England,1
PJ KL  Malaysia,1
Singapur India,1
Republic of Dombivli,1
Nashville TN  Flat Lake AB,1
Staffs  Selby,1
BACKUP dangerousonikas,1
yeg raised working throughout Canada,1
Henley on Thames,1
Plumas Lake CA,1
Phnom Penh,1
Sant Esteve de les Roures,1
Wolverhampton,1
accra ghana,1
Northern NSW Australia,1
Amman Jordan,1
Vincennes IN,1
Constantine,1
New Orleans and Thibodaux,1
Hollywood CA Hanalei HI,1
CRISX X,1
Seychelles,1
iconby allthisgoddamnpastry,1
Manchester South UK,1
Shanghai China,1
Venice FLNew York NY,1
The Moon,1
Ft Worth Texas,1
Lots of Places,1
Townsville north QLD,1
Marlborough CT,1
Kidderminster England,1
Stony Point NY,1
Great NW,1
CarrolltonTX,1
Alconbury England,1
Mokokchung India,1
Cattai NSW,1
Santiagode campvs stellae,1
Padua  Italy,1
London Baby,1
The Holy City of Sevenoaks,1
Coron Town  The Phils,1
Galway Ireland,1
The Savannah GA,1
Happy ValleyGoose Bay,1
NYC Toronto,1
Broward,1
Los Angeles  London,1
California native,1
BarrowinFurness England,1
Peckham,1
Jawa Tengah Indonesia,1
On transit here in Dunya,1
Home visits all over the UK,1
sfbay area,1
BOULDER  BROOKLYN,1
Negara Brunei Darussalam,1
san fernando valley,1
Near london,1
Pleasanton California,1
Hounslow Middlesex,1
Mowe Nigeria,1
Phoenix AZ USA,1
Barry Wales Gs Ioij,1
Saudi Arabia  United Kingdom,1
Republic of Ireland,1
stars hollow,1
Central England UK,1
NSW Central West Australia,1
country NSW Australia,1
cork ireland,1
Cebu Philippines,1
Chelyabinsk,1
London Paris and beyond,1
Manjakkudi,1
London and Welwyn,1
Riga Latvia,1
Monroe LA,1
Shropshire,1
SurbitonSurrey,1
Temple TX,1
Missouri Florida,1
Labrador Canada,1
Washington DC Metro Area,1
Mashariki,1
Milford Haven Wales,1
Bolton uk,1
davenport fl,1
Gangtok India,1
Aylesbury UK,1
newcastle,1
Rewa India,1
Philadelphia PA USA Earth,1
Suffolk  Marco FL,1
Chicago IL USA,1
New York City Jersey Shore,1
kigali,1
Turkey,1
valley Forge PA,1
East of Krakatoa,1
Formerly Known as America,1
Elslack,1
Stockholm Sverige,1
North Weezy,1
Cape Town  Manyeleti,1
jetpur,1
Outer Heaven,1
Akhand Bharat,1
Wicklow,1
Wallagoot Kalaru,1
Asturias,1
jaipur,1
Tel AvivJaffa,1
Oak Point TX,1
lancaster ca,1
NL,1
Glasgow Kentucky,1
Brssel Belgien,1
TEJAS,1
Siloam Springs,1
New Hampshire USA,1
Southend on Sea,1
Wien und die Welt,1
Chester England,1
BelemPaBrasil,1
Munnar India,1
Ashram of Guru Kyrie Irving,1
Mount Gambier South Australia,1
taisyou    Team X,1
World Stage,1
BostonBorn live in Florida,1
Surat Gujarat India,1
Glassboro NJ,1
Blackburn Melbourne,1
Cape town,1
Concrete Jungle    Miami,1
MNL,1
NWPA USA,1
Uppsala Sweden,1
Lithuania,1
On my way,1
ID,1
London  Beyond,1
blackmaipatile,1
Jamnagar Reliance Greens Indi,1
Jordan Middle East,1
FIRE is multinational,1
In your Fur,1
Windsor CO,1
Bandung Indonesia,1
osculum infame,1
Welwyn Garden City England,1
Piloteye,1
Mnchengladbach,1
Brooklyn New York,1
Madurai  Chennai,1
South San Francisco,1
Croydon London,1
with Jesus,1
Ames Iowa,1
Cologne,1
Idaho USA,1
Italia  Brasil,1
Chorley UK,1
Vizag Bay India,1
Yorkshire England,1
Senegal,1
Jamnagar Delhi,1
Epsom South East,1
between electrodes,1
Mumbai  London,1
Jakarta selatan,1
Avebury England,1
Your house,1
San Diego CA  Stockholm SWE,1
City Of Joy Kolkata,1
HQ London UK,1
Windsor ON Canada,1
Scotland UK,1
Richmond London,1
Almere Nederland,1
Oldham,1
VABOSPHLNYC,1
London SE,1
Carmel CA,1
Instagram AlexiaSzkoMakeup,1
Waterloo Ontario,1
Twitter Jail,1
East Coast USA,1
The Midlands UK,1
On a camel,1
venezuela,1
SouthendonSea East,1
SY UK,1
Hamdan,1
Christchurch  Hong Kong,1
Vishakhapatnam,1
LAHollywood CA,1
SO FAR AWAY,1
Bethlehem PA,1
Chicago IL  Texas,1
Burlington NC,1
Citizen of Nowhere,1
Md,1
North Carolina,1
ThootVile w my Thooters,1
Merrionette Park IL,1
Melun IledeFrance,1
Silchar India,1
Dordrecht Nederland,1
Cleveland by way of California,1
Hampstead Norreys England,1
Ballycastle Northern Ireland,1
Racetracks and skybars,1
Perth  Western Australia,1
Orlando Fl,1
Sevilla Espaa,1
Tir Eoghain exiled in Wexford,1
El Ro Grande Valle,1
NY Manhattan Gemini,1
Never Land,1
CuritibaPR,1
Warwick,1
beamiller,1
Portishead England,1
City of Kisumu Kenya,1
Abergele,1
Ruislip London,1
Libertyville IL,1
Gdynia Poland,1
Trini,1
Reading UK,1
Vilnius Lithuania,1
Berlin Deutschland,1
Egmore Nungambakkam India,1
Labrador City NL,1
FDO,1
Whistler,1
Pizza Planet,1
Palm Springs CA,1
AR,1
Gir Somnath  Gujarat India,1
in transit,1
Uganda,1
Wailuku HI,1
Nijmegen the Netherlands,1
Kuching Sarawak,1
Nyamagabe,1
Black Isle Scotland,1
Ludhiana  Dehradun India,1
New DelhiIndia,1
Kapiti Coast District New Zea,1
Union City CA,1
North Region Singapore,1
Gostivar Macedonia,1
Idk,1
CappelleenPvle France,1
London W Europe,1
Camberley South East,1
Illinois,1
Where my feet take me,1
Carrefour Selous Jersey,1
Grenoble France,1
Union Buildings South Africa,1
RTs  links are not always endorsements,1
York UK,1
Zurich Airport Switzerland,1
Kigali,1
Saffron Walden,1
Cayman Islands,1
Duluth MN,1
Seattle  WA,1
Croxley Green,1
Dublin via Australia,1
Leatherhead South East,1
Mid Devon,1
Delaware,1
La Jolla CA,1
Los ngeles Chile,1
near Goulburn NSW Australia,1
welcome to nightmare,1
Ocean Isle Beach NC,1
Temora Australia,1
Algarve,1
Hatfield MA,1
Gteborg Sverige,1
Vail colorado USA,1
house of aureum,1
Hope World,1
Lacey WA,1
crying,1
Maharashtra Bharat,1
Kanpur Uttar Pradesh,1
at work or in bed,1
suffolkLondon,1
St Louis  Oklahoma City  Tulsa  Little Rock  Cincinnati,1
Embakasi,1
Bournemouth  Paphos Cyprus,1
Mattoon IL,1
Portland USA,1
Petersfield Cambridge,1
botswana,1
BlackLivesMatter,1
Columbus OH USA,1
London UK and Globally,1
Bridlesmith Gate NG GQ,1
London Ireland The Road,1
UdupiBangalore,1
Overland Park,1
Mumbai London Brussels,1
Poole England,1
Bradford West Yorkshire UK,1
Les Mureaux,1
Burundi,1
CambridgeUni,1
The Sky RSA Everywhere,1
Aichiken Japan,1
Lantic City,1
Spotter,1
Epworth England,1
Niagara Ontario Canada,1
Bognor Regis England UK,1
Poznan,1
Nottinghamshire England,1
Dsseldorf Deutschland,1
Whau Auckland New Zealand,1
DALLAS,1
Hargeyssa,1
p h i l i p p i n e s,1
Wherever theres YIELD,1
Federated States of Micronesia,1
Antrim  Newcastle Upon Tyne,1
Old Deer Park Richmond TW,1
StocktononTees,1
North Jersey,1
Loughborough,1
Farmers Branch,1
Alameda CA,1
Tamale Ghana,1
Manicaland Mutare Zimbabwe,1
Cumbaya Quito,1
Brentwood TN USA,1
Ibiza,1
Gerrards Cross,1
Instagram bbyb,1
McMinnville TN,1
Colorado Springs CO,1
LV NV,1
Mossel bay Western Cape,1
Cali doing Tall Girl things,1
Chiang Rai Thailand,1
ENGLAND UK,1
Lower Mainland BC,1
Funza Colombia,1
Hrault LanguedocRoussillon,1
Gipuzkoa Pas Vasco,1
Pluto,1
Swadlincote,1
Philadelphia PA  The,1
Bhubaneswar,1
Boise ID,1
Monaco,1
Uranus,1
Limpopo  South Africa,1
Lost Creek TX,1
Julai Nagar Gangawati,1
RTing VeNEET Tweets since,1
Trebon Czech Republic,1
Dublin ire,1
Jabalpur,1
Chula Vista CA,1
New Delhi Uttarakhand India,1
Cumbernauld,1
Scottsdale  La,1
Vinh Phc Vit Nam,1
Miami Fl USA,1
Hati  Boston  NC,1
satyajeetdikshitgmailcom,1
East Anglia United Kingdom,1
NorCal,1
shrewsbury uk,1
Sepang Selangor,1
Instagram kandeejohnson,1
Isle of Wight,1
North England,1
Fife,1
North Saanich BC,1
In the East,1
Albanien,1
Long Island NY,1
Arse end of the Empire,1
Asia BeyHive,1
Sherman Oaks Los Angeles,1
ocean beach california,1
irvine,1
Grand Casablanca Royaume du M,1
Melancthon Twnshp ON Canada,1
Decatur GA,1
Beatty Or USA,1
Yeovil UK,1
NW Illinois,1
Boracay Island Philippines,1
The wild southern borders of Scotland,1
Mohali India,1
Wateringen Westland,1
Gaborone Botswana,1
Caulfield South Melbourne,1
Bizana,1
Flanders NJ,1
Hampton Roads,1
Larkana Pakistan,1
VitoriaGasteiz,1
Fraggle Rock,1
Banbury England,1
Delhi  Western Uttarpradesh,1
NOIDAIndia,1
Corporation Kakkoos Koyambedu,1
EtatsUnis,1
McLeanVirginia,1
No Telling,1
Massey University Albany NZ,1
LDN,1
Deepest Dubai,1
Sheffield UK,1
Valenzuela City National Capi,1
Church Eaton England,1
House Pluto,1
Within,1
Al Madinah Al Munawwarah Kingdom of Saudi Arabia,1
from Telangana in Tokyo Japan,1
Yokohama City Kanagawa,1
Thornton CO,1
Delamere Forest England,1
EducatorStoryteller,1
Amsterdam Europe,1
Chicago Lincoln Park,1
Shah Alam Selangor,1
Aurora Colorado,1
Luton,1
UNESCO,1
GujaratIndia,1
F I V E,1
Jawjuh,1
Mountain View California,1
San Francisco The Internet,1
Rochester MI,1
NrbKenya,1
Vancouver  Vancouver Island,1
Malaysia JB,1
Bengaluru Hyderabad Kakinada,1
Amelia Island Fl,1
GHANAKUMASI,1
Brasil,1
Wallingford England,1
one strong lover I know,1
Wentorf bei Hamburg Deutschland,1
Hyderabad Bengaluru,1
LeighonSea,1
Aboard a,1
Hyderabad Pakistan,1
coventry,1
Sacramento Ca,1
Brisbanpolis,1
That corner OfficeTop Floor,1
Lynnwood WA,1
menlo park ca,1
Bawdsey Suffolk UK,1
H SevILLa  MADrid,1
Beyound Blunderdome,1
Nainital,1
ROIGISG,1
Saheb Pur Kamal,1
Shadow Moses Island,1
HoldenMa,1
Wheaton IL,1
Greater Noida Delhi NCR,1
In air Online,1
Central Region Singapore,1
Changhua County Taiwan,1
Woking  Surrey,1
Manchester MD,1
Nomad,1
London  Spain,1
Abuja,1
Horseshoe Bay Queensland,1
Aberdeenshire  Edinburgh,1
St Louis MO  Houston,1
Honde Valley Zimbabwe,1
Brighton Hove Actually,1
Midlands Zimbabwe,1
A place in the skies,1
Siaton Central Visayas,1
Carrier Strike Group,1
Corpus Christi TX,1
Moorabool Shire Victoria,1
In my own world,1
Kanpur,1
Barcelona  London,1
Southern Maine,1
Kuala Lumpur MY,1
LeighOnSea Essex SS UH,1
Miniatur Wunderland Hamburg,1
Christchurch new zealand,1
Geelong  surf coast for now,1
State Of Qatar,1
soshanguve,1
Vasai,1
The City Of Nottingham,1
Bengaluru Bangalore,1
MelbourneVIC Australia,1
South Quay London,1
Holland,1
MichiganSofiaBulgaria,1
Muscat  Lucknow,1
Vitria Brazil,1
Australia UK NZ Eire etc etc,1
on the sofa chillin,1
Peterborough UK,1
Shurgallega,1
In giro tra Italia e Regno Un,1
Port Harcourt Nigeria,1
Byron Bay Australia,1
Cebu City Manila,1
Sharpsburg Ga,1
Denton TX,1
Damaturu Nigeria,1
Pretoria and Harare,1
Cypress Tx,1
Soshanguve South Africa,1
Konohagakure Land of Fire,1
RamnagarBambai,1
In the world of my own,1
AshbydelaZouch,1
Katsina Nigeria,1
Nantes,1
Malta,1
Plainfield IN,1
Thailand,1
St John US Virgin Islands,1
northumberland,1
Las Condes Chile,1
Birtley England,1
Worksop,1
Anaheim Hills CA,1
Zapopan Jalisco,1
Kolkata  Agartala India,1
Republic of Mauritius,1
world of opportunities  htx,1
Calabasas CA,1
here and there,1
BathUK,1
Daresbury North West England,1
Merseyside,1
COMO,1
Greenville SC,1
Herne Bay Kent England,1
Aldershot,1
Azerbaijan Baku,1
Brisbane City Brisbane,1
Palm Beach County FL,1
All over the world,1
DenpasarBaliINA,1
Gauteng vosloorus,1
The stend west by god,1
Middlewich England,1
Brighton  Hong Kong,1
LoNdOn,1
bjp head office lucknow,1
New Jersey,1
Guanduanis,1
EnfieldCt,1
Melanin Overflow,1
stuck in traffic somewhere,1
NTU Taipei City Taiwan,1
Lubbock TX,1
Rpublique du Rwanda,1
KenyaMaralal,1
Endicott,1
Tennessee,1
Dunmurry Northern Ireland,1
Trivandrum City Trivandrum,1
Not Quite MontanaLand,1
Salwa Kuwait,1
Winford England,1
Bath UK,1
Sandton,1
JaipurPune,1
Kingston RI,1
Dresden Germany,1
Stapleford Park LE SF,1
Cali nigga,1
melbourne  Australia,1
seaford east sussex,1
NW Houston Texas,1
Miami FL  USA,1
Redfern Sydney,1
queensland,1
Dutch Highlands,1
x,1
Hooterville by way of nyc,1
Porto Portugal,1
Aten,1
Chesham via Llanfairfechan,1
Castelsarrasin France,1
nyc,1
Siongiroi,1
Gonesse France,1
St PetersburgCastle Donington,1
Artist Magician Illusionist Fakir and Information Technology Expert,1
Mission British Columbia,1
Burnley Englandshire,1
Rutland MA,1
straya,1
Cork City,1
Sydney AUD,1
Valhalla,1
Cork Munster Republic of Ireland,1
Neemrana India,1
Evesham England,1
Douglas Chicago,1
San juan del rio Queretaro,1
Bury England,1
Palestine,1
Defense rt US GovprevailsCommitted,1
StainesuponThames England,1
Alabama USA,1
okc,1
Lambeth London,1
Wurundjeri land Melbourne,1
Where the heart is,1
Radio Mirchi,1
Taiwan,1
Los Alamos NM,1
Kln Deutschland,1
Houston Texas,1
Sheffield  London,1
Sand Springs OK,1
Wareham Dorset UK,1
Bridgend Wales,1
Randolph MA,1
Dubrajpur West Bengal,1
National District Dominican Republic,1
WHampstead,1
Bruxelles,1
Varadin Croatia,1
Geordie land,1
Bangsar KL  Ann Arbor MI,1
The Palm Springs of WA,1
Turku Suomi,1
LewistonRumford Me,1
DhakaBangladesh,1
chatham the posh bit honest,1
Dublin City  Cork City,1
Qatar  Australia,1
Kano,1
Bangalore Delhi Mumbai Chennai Hyderabad,1
Horley South East,1
beachless desert,1
Preston Finest since,1
filledcountsoap,1
Colchester Essex,1
Ottawa ON Canada,1
wanderlust x tucker,1
EUROPE,1
Southend,1
City of Gimuy Cairns Qld,1
Hull UK,1
Bloomington IL,1
Live Music Cap of the World,1
Castledawson Derry Ireland,1
Currently nearest airportMEL,1
rainbows end,1
Catania  Sicily Italy,1
City of London England,1
Wilmslow,1
Constitucin Santiago  Chile,1
Brooklyn,1
Houston Tx,1
Shenzhen  China,1
The WORLD of MOTORSPORT,1
Chudleigh England,1
Phils,1
New York London Melbourne,1
So Cal,1
UC Davis,1
Lansing MI,1
raleigh,1
Garland Texas,1
Yorkshire UK,1
SI NY,1
Outside Krikkit,1
Mooresville,1
The cool side of the pillow,1
Hilliard OH,1
c u,1
Milan Italy sometimes,1
Columbia MO,1
Cedar Grove NJ,1
Moes Southwest Grill,1
Lausanne Switzerland,1
NigeriaLondon,1
Manila City National Capital,1
Randfontein Gauteng,1
cologne germany,1
Billingham England,1
Scotland UK Europe,1
Silicon Valley CA,1
Vikhroli East Mumbai,1
manila philippines,1
NSW Central Coast,1
Trinidad,1
kenia,1
Dunmore PA,1
Dsseldorf Germany,1
Andorra la Vella Andorra,1
Alpine TX,1
m above MSL,1
Rio de Janeiro Brasil,1
Born to Lose Live to Win,1
The Ahnenerbe Cafe Gaia,1
Dead Sea,1
Chesapeake Virginia,1
CotswoldsLondon,1
Vacaville CA,1
Melbourne AU,1
Nottm European Union,1
Sc Trang Vietnam,1
Sabah Malaysia,1
Tokyo  London,1
Espania,1
Snapchat Mariekjems,1
Mlaga Spain,1
Martinique,1
The Fourecks Continent,1
Sunbury Victoria,1
GoaIndia,1
New Orleans,1
Planet Colossus,1
Bod Norway,1
Pretoria south Africa,1
British Columbia,1
Lake Macquarie Newcastle,1
Atlanta USA I Nairobi Kenya,1
Innocent MUVUNYI,1
Milky way Solar System Earth,1
Darmstadt Deutschland,1
Puget SoundBaja California,1
Yaletown Vancouver,1
Kuala Lumpur Federal Territory,1
North West,1
Levittown PA,1
London and Dun Laoghaire,1
SEA  SFO  HYD  BLR  SIN,1
Cte dIvoire,1
London  United Kingdom,1
Hereford,1
Lower Clapton Hackney,1
Mumbaitill s EraKOTA,1
Saratoga CA,1
NYC and DC,1
always was always will be,1
Derbyshire,1
Beautiful Pacific Northwest,1
Dyersburg tn,1
Salem NH  Boston MA,1
LeipzigHalle  EDDP  Germany,1
Hessen Deutschland,1
Tegal  Jakarta,1
Forest of Bowland,1
Oviedo Fl,1
Willaston,1
aus tray liar,1
RI Native splitting time in VA,1
Buckingham England,1
I have to speak out notrump,1
TRUMPS USA,1
Boston and LA,1
Scotland Ireland and beyond,1
Manila PH,1
Northampton New Brunswick,1
Somewhere between Laois and Du,1
Yay area,1
San Francisco  New York,1
StamfordCT,1
Antipolo City Calabarzon,1
Dortmund Deutschland,1
qatar,1
Fine Out Yourself,1
Clitheroe UK,1
ToolBox,1
Grand Junction CO,1
Bedford,1
Herefordshire,1
Orion Arm,1
Haughton LA,1
Mexico City,1
AhmedabadMumbai,1
ghana,1
Rosscarbery Co Cork,1
Westworld,1
eMalahleni South Africa,1
LOL land,1
Far North Coast NSW,1
Orange NSW AUSTRALIA,1
DFW LAX NC,1
Eindhoven,1
Deep in the Heart USA,1
Gloucestershire UK,1
New DelhiGurgaon,1
Benin,1
Malvern Worcestershire,1
Pacific,1
Northampton MA,1
BradfordNottingham,1
El Dorado KS,1
Varanasi New Delhi,1
Peru,1
RhneAlpes France,1
SouthendonSea,1
wakefield westyorkshire,1
Kuala Terengganu Terengganu,1
South Coast NSW Australia,1
Lomita CA,1
San Pedro Calabarzon,1
Orange Park FL,1
Vancouver Canada and Worldwide,1
Mithanpura muzaffarpur,1
Chester UK,1
Paarl South Africa,1
Bellevue NE US,1
Perth WA Australia,1
Hope Island Gold Coast,1
Ahmedabad India,1
Error GmapinOnLock,1
Perth WA,1
West Coast is the best coast,1
Houston,1
was dksharman,1
Teesside UK,1
Off The Grid Enjoying Life,1
Hong Kong or,1
Gawler South Australia,1
Isle of Mull,1
Malacca Malaysia,1
Nuevo Len Mxico,1
Gander NL,1
nj  bk  nash,1
Essex ENGLAND,1
Kitchener Ontario,1
Pyongyang,1
Los Padres Natl Forest,1
Rome Italy,1
En todas partes,1
Palo Alto  San Francisco,1
Jacksonville NC,1
Bharatpur Rajasthan,1
Auto thots roll out,1
Boulder CO,1
Hic sunt dracones,1
KANPUR,1
Como Italy,1
Oviedo FL,1
Global services,1
Lakes Entrance Victoria,1
Doncaster England,1
Sirsa Haryana,1
the ATL GA SC,1
Snapchat AzaAdwoa,1
ManchesterLiverpool,1
Este,1
Seville Andalusia Spain,1
Ukiah CA,1
Tampere Finland,1
Madison WI,1
Next stop,1
On stage,1
Quito Ecuador,1
Croston England,1
Macon GA,1
Devils Armpit,1
in the ether,1
Red Deer Alberta,1
Kansas,1
London TownBristol,1
Cebu City Philippines,1
Mittagong Bowral  Mittagong,1
windsor,1
Morbihan Bretagne,1
Mishima Dojo,1
Motorcycle dreamland,1
chicago usa,1
Akad,1
Dammam Kingdom of Saudi Arabia,1
CPH,1
Godley Cheshire,1
Social Justice Warrior,1
Wakana in America,1
Medburn England,1
Partner STR e TrustYou,1
In Hell at this point,1
toxic mega cunt,1
the book of mental illness,1
El Progreso Yoro Honduras,1
Aberdeen UK,1
uwu Tina Seda,1
Sapphire Coast NSW,1
Langoiran,1
Trapped ina World I never Made,1
FrintonOnSea,1
ChennaiTuticorinGurgaon,1
Jaipur Rajasthan INDIA,1
Geelong  Melbourne Australia,1
Columbus and Dayton Ohio,1
Canad,1
Sandhurst,1
sheherhers,1
Shenzhen Guangdong China,1
Near where two oceans meet,1
Milky way,1
Sober,1
TarnetGaronne MidiPyrnes,1
Royston Herts,1
Motherland,1
WGC,1
cheshunt,1
San francisco,1
Chiraq IL AREA,1
Amstelveen,1
chicago IL,1
Boulder,1
Huddersfield,1
Your Smile,1
DELHI NCR,1
Mostly Melbourne,1
Ha haha rare,1
SaintOmer,1
balmedie aberdeen,1
sunny old Bradford,1
West Virginia USA,1
Where Life Is Slow,1
Bacolod,1
LondonKent,1
Does it Matter,1
Holyoke Mn USA,1
Minsk Belarus,1
Singaparna Indonesia,1
Riyadh Birmingham UK B,1
safe,1
Entebbe,1
Valencia Spain,1
Ontario,1
italy,1
Auckland City New Zealand,1
NYC Toronto STL Newark,1
D,1
Our land,1
Lancaster UK,1
Bramley Hampshire UK,1
Central Coast New South Wales,1
Raunheim Germany,1
Western Ghana,1
Mernda Melbourne,1
Lost in Parenthood,1
somewhere on the usa,1
Unjha India,1
Pseudo Posh Northern Bird,1
Boston Lincolnshire,1
CTEast Coast,1
London  Graz  Leipzig,1
Penaga Butterworth,1
Serbia,1
Gosport Hampshire,1
Canberra  Australia,1
Canberra Australian Capital Territory,1
New DelhiPort LouisSouthAfri,1
St Louis Mo,1
mhada colony sewagram road wardha,1
Bordeaux France,1
WestCheddar,1
Waukegan IL,1
Virginia Beach VA,1
Accra  Dansoman,1
Canterbury Region New Zealand,1
Sandy Eggo,1
World Citizen,1
Gorizia FriuliVenezia Giulia,1
Lake Worth FL,1
Canal Colony Haldwani,1
EGOJI MERU,1
Where The Love Is,1
Himachal Pradesh India,1
Oakland Ca,1
KlnCologneColonia,1
golden sand MY,1
Unmanned,1
Southend England,1
not far from you,1
Spiez Schweiz,1
sheffield yorkshire,1
Aliaga Nueva Ecija,1
Love New Places FOLLOW ME,1
San Pedro Laguna,1
Awestralia,1
Dulwich,1
Panther Valley NJ,1
NYC  LA  London,1
Nagpur,1
Newcastle Upon Tyne England or  feet,1
Wellington FL,1
glckliche welt,1
Wimborne Dorset,1
Santiago Chile,1
Midlands  East Mids,1
In a better World,1
Devon,1
bed,1
Hackensack NJ,1
France  Belgium,1
St Louis Missouri,1
west islip ny,1
LondonSouth Wales,1
Orange County  NY,1
EIRE,1
PARIS,1
Chorley England,1
High Wycombe,1
mid nth coast,1
Katowice Polska,1
Zimbabwe Harare,1
Buddy Land,1
Los Angeles Underground,1
Bambam Nigeria,1
Vegas,1
Loughborough UK,1
Likes wine travel  reading,1
Nyon Switzerland,1
All over the World,1
Deerfield MA,1
I Am Global,1
Calgary  Canada,1
Oklahoma USA,1
Derbyshire UK,1
Kings Landing,1
A Pale Blue Dot,1
Mars,1
kirstenunusualeffortscom,1
Townsville QLD Australia,1
The nice bit of Derbyshire,1
Lambeth London UK,1
nashik pune mumbai,1
United States  France,1
Hale Cheshire,1
Geelong Victoria,1
Livermore CA,1
Caterham,1
Christchurch City New Zealand,1
Limerick and Clare Ireland,1
East Midlands UK,1
Astoria Queens,1
Marlow SL UK,1
Koronadal City Soccsksargen,1
North West Kekistan,1
Southend On Sea Essex,1
Bern Switzerland,1
Glasgow Scotland UK,1
Montreal,1
Bijapur Karnataka,1
OZ,1
Weltevreden NederlandsIndi,1
Newfoundland Canada,1
Budapest Hungary,1
CPTBKKMNLDTMCGN,1
Larkspur Ca,1
Washington DC area,1
Melbourne VIC AUS,1
Rpublique de Slovaquie,1
AurisEnOisans,1
Mount Pleasant MI,1
Over here,1
Enfield North London,1
Port Glasgow Scotland,1
Saanich CB,1
Ararat,1
Coulsdon,1
no pas das maravilhas,1
nd  Towne,1
Wirral  Shropshire  Cheshire,1
Brighton and Hove,1
Lynchburg VA,1
Nashville Tn,1
UKBrazil depending on season,1
Norwich England,1
Compton Ghana,1
London EU,1
Worcester MA,1
bronxville ny,1
Hounslow London,1
rd planet from the Sun,1
Andalusia Spain,1
My Alexandria to Away  Beyond,1
alabama,1
Gulf Coast,1
JERSEY ALL DAY,1
Gadigal land Sydney,1
Helena MT,1
in the Cages,1
Mpumalanga NST,1
LA CA,1
KurnoolBharat,1
malaysia kenya,1
University of Wyoming,1
Point Loma Heights San Diego,1
IntramurosManila,1
Ujjain India,1
Tumwater WA,1
Bradford,1
YorkshireLancashire,1
SouthWest Nigeria,1
Australia Insta blackcatsxtwo,1
Kancharapalem Vishakhapatnam,1
Jhb,1
punjab india,1
LOS ANGELES,1
Bangtans Heart Malaysia,1
Bullhead City AZ,1
Norrkping Sverige,1
Mumbai and Bengaluru,1
Mehtaayushmehtacom,1
korba india,1
On The Scenic Route,1
Sydney AU,1
DevonLondon,1
Las Pinas City National Capital Region,1
Narm Melbourne Kulin Nations,1
Coldbrook Nova Scotia,1
DelhiAwadh,1
Blacksburg VA,1
Fairfield Connecticut,1
Utopia,1
Plymouth England,1
PuneMumbaiDelhiSilvassa,1
United States of Africa,1
The Mountains of Virginia,1
Bikaner Rajasthan India,1
Sintra Portugal,1
Toronto Nairobi Worldwide,1
Portsmouth UK,1
Somerset NJ,1
Stone Staffordshire,1
Killeen TX,1
Yardley PA  New York NY,1
Stirlingshire,1
Newcastle Australia,1
Highgate WA,1
Arbroath Scotland,1
Smooth as silk,1
Cape Coral FL,1
West Philly,1
Berkshire,1
Corona CA,1
Dartford,1
View Park TowersNairobiKenya,1
Sydney AUS,1
Tarragona Catalunya,1
South Aegaian,1
BKK  Thailand,1
Occupied Pacific Northwest,1
httpwwwkristinadenisecom,1
New DelhiLondon,1
Mississauga Ontario Canada,1
Antwerp  Belgium,1
MilanoItaly,1
Littleton Colorado,1
Carmichael CA,1
St Thomas Ontario Canada,1
Tulare CA,1
Reykjavik Iceland,1
Dupont PA,1
Dublin CA,1
LONDON UK,1
Las Cruces,1
Eagle LakeHTownKatyTxNow,1
Pendopo PALI Indonesia,1
RATNAGIRI MAHARASHTRAINDIA,1
Durango CO,1
pcc,1
Liverpool United Kingdom,1
United Kingdom Worldwide,1
Jeddah,1
undisclosed bunker near Roc NY,1
Rugby,1
Fan Account,1
Belgrade Republic of Serbia,1
Usian Gishu,1
Camden ME,1
Cottenham Near Cambridge,1
A BUNCH OF THIEVING BASTARDTON,1
Deep South Bombay,1
BerhampurOdisha,1
Johannesburg ZA,1
t ap t a,1
Toronto Ontario Canada,1
Hyderabad Telangana State,1
Somewhere with big whoadi,1
Kealea HI  Jackfish Lake Sk,1
AberdeenEdinburgh,1
Yeovil England,1
nsnsm,1
arggotham smjb follows,1
Kingston Jamaica,1
Kenosha Wi,1
Instagram meganleoleahy,1
LondonUK,1
villupuram india,1
A L L,1
South A,1
Llanelli Wales,1
At sea or at home,1
Home,1
httpwwwislamguidecom,1
SF  Hawaii  Italy,1
I am here and you are not,1
Harefield London,1
Twickenham,1
Citizen of the universe,1
Dhiffushi City Kaaf Maldives,1
Ballito,1
Roseville Ca,1
lorca,1
Montlimar France,1
Edmonton Alberta CANADA,1
South africa,1
Panam Republica de,1
Wellington NZ,1
Melbourne exLondon,1
bilkhawthlir mizoram  india,1
My high horse,1
Kildare,1
Here and There,1
UK EU,1
BRISTOL RI,1
Billericay,1
LuxembourgLondonCardigan,1
Mendham NJ,1
SoCalDCDenver,1
Sevilla  Berlin,1
ARGENTINA,1
Zimbabwean diaspora,1
Fort Worth,1
Anderson Island WA USA,1
Tamilnadu  Kashmir,1
RSA  Gauteng  EastRand,1
Odessa TX,1
Nieuwegein Nederland,1
Belgrade,1
Mostly Johannesburg,1
WAthe good one,1
Meridian ID,1
Sarasota Florida,1
Somewhere in space and time,1
Chelsea Qubec,1
Dublin  Galway  Meath,1
SF  NY,1
london kent,1
Turrbal land Australia,1
Dunedin City New Zealand,1
AUSTRIA,1
Cavite Philippines,1
Pulau Pinang Malaysia,1
tilburg,1
beside you,1
Trichy,1
BTBT LULS,1
East Atrica,1
Namma Bengaluru,1
Chico CA,1
Inbetween Space and Time,1
Cebu City Central Visayas,1
Nova Scotia Canada,1
Blue Mountains Australia,1
Migori Kenya,1
Putrajaya,1
Saint Louis MO,1
Genve Suisse,1
South Everett,1
Bayern Deutschland,1
yusufpur gazipur up,1
leeds west yorkshire,1
The gays,1
Knockemstiff,1
Waterloo Reg Canadianeh,1
Botswana,1
Darlington England,1
Lone star state,1
Powys Wales UK,1
Chelmsford Essex,1
Coast Kenya,1
Orion Arm Milky Way,1
Port Elizabeth,1
South Australia,1
Kzn Limpopo,1
Borovnicka,1
JOHANESSBURGRSA,1
Buckhurst Hill,1
Hyderabad Telangana,1
Aireys Inlet Australia,1
pretoria,1
Hanover MD,1
Fort Lauderdale,1
ot cd sfa,1
Wolverhampton West Midlands,1
kyotonew orleans,1
PEI born and raised,1
puneIndia,1
not there,1
Narnia Carly is my wife,1
Vilanova i la Geltr Espaa,1
RochfordLondon,1
Edinburg TX,1
Salisbury England,1
Dahisar east  Mumbai,1
Londres Angleterre,1
Dorset UK,1
HisarHaryanaIndia,1
Mannheim Germany,1
Erskine Scotland,1
Mansfield College,1
NRB    NKR,1
AllBlackLivesMatter,1
RomeIndianaDublin,1
Redditch England,1
Madagascar,1
Perth Scotland,1
Antarctica,1
Redacted,1
DC  NC,1
Dunedin,1
RSA   Qatar,1
Salt Lake City Utah,1
in a dream world far away,1
Dunedin Central Dunedin City,1
Amritsar,1
Saint Louis,1
Kingston upon Thames London,1
Waiheke Island Auckland,1
I am everywhere,1
Hastings East Sussex England,1
Naduvannur India,1
Queen Creek AZ,1
Hyderbad,1
Muncie IN,1
Wonderland,1
Newport RI,1
KB  SA  KL,1
In the Maze,1
edinburgh,1
Somewhere St,1
Spring Hill TN,1
Oakland California,1
Kolkata West Bengal,1
Laois Ireland,1
Hamilton,1
Kirkland WA,1
H Camila Halsey Bea,1
Singapore Airlines,1
Nairobi KE,1
RiyadhCanada,1
Bath,1
Eldoret,1
brooklyn NY whaaat,1
Minnesota Wayzata,1
Kottayam India,1
New Delhi  India,1
united kingdom,1
Daaan Saaaaf,1
St Augustine FL,1
Factoryville PA,1
SydneyAustralia,1
London  Chiswick W exSo Paulo,1
St Albans,1
Aurora IL,1
Milton Ontario,1
Between here and there,1
Somaliland  UAE  UK,1
almost always gone,1
Carnelian Bay CA,1
Andheri East Mumbai,1
Bharat BhagyaVidhata,1
Bukuru Nigeria,1
Woodbridge England,1
hubli,1
Alexandria Virginia,1
Mumbai Meri Jaan,1
Watford England,1
Ngarabal land Australia,1
WakeUpSA HandsOffSOEs,1
lincoln,1
Essex England,1
Princes Risborough England,1
Luton LU,1
Woody Point Brisbane,1
Windhoek,1
Purgatory,1
Set of the Romeo Show,1
Changamwe Sub County Mombasa,1
UK Earth,1
Tamilnadu india,1
Dublin via Cork PRC Ireland,1
kolkata,1
Steenwijk Overijssel Nederla,1
Oxfordshire  London England,1
University College London UK,1
Missouri City TX,1
Your Worst Nightmare,1
Golden Colorado,1
Susner district Agar malwa MP,1
Pilmoor North Yorkshire,1
ToulouseBlagnacLFBOTLS,1
On the left About ten rows from the front,1
N E,1
Commiefornia USA,1
ItsMoreFunInThePhilippines,1
Wayne NJ,1
Cali,1
Indore India,1
United Soviet States of America,1
Taunton,1
TEXAS,1
Wallington NJ,1
Monaghan Ireland,1
Taga South,1
Koronadal  Lucban,1
Twitter,1
South london,1
Mxico,1
Hoofddorp The Netherlands,1
Rhne RhneAlpes,1
tacoma,1
FUKRJFF,1
Saint Augustine Florida,1
Bethesda MD,1
Nailsea United Kingdom,1
The great state of Ohio,1
Akhond city,1
AFSCZE  SN  LARTSTU,1
Hermanus Western Cape,1
Wilson Airport  Nairobi,1
Lawrence KS,1
GUAM,1
Hoogkarspel  Zwaag  Holland,1
Lucknow  Airports,1
Japan Tochigi Prefecture,1
West Meath Ireland,1
Dinas Powys,1
Bhiwadi rajasthan,1
Dumsville,1
Windsor Berks,1
NE England,1
Visit our Facebook Page,1
HitchinNorth London,1
kickapoo missouri,1
Spring TX,1
Nigeria Lagos,1
Stockwell Street,1
Jabalpur Madhya Pradesh,1
Alexander City AL,1
hogwarts,1
Doha,1
Frimley,1
Gwalior India,1
south wales,1
Bogor Jawa Barat,1
At Highbury and the Emirates,1
Detroitish,1
NYC BOS,1
SF Bay Area,1
Hellas,1
Frankfurt am Main Deutschland,1
Barnsley England,1
TWITTER,1
Stebbing,1
Dalkeith,1
The Grind,1
oovoo javer,1
Wisconsin,1
Wadawurrung Country,1
NJ via Brooklyn,1
Omaha,1
NEW DELHI PANIPAT HARYANA,1
Santa Clarita CA,1
Iloilo Philippines,1
Hertfordshire England,1
Below The Ozone,1
South Africa World Wide,1
near Bristol England,1
Dreaming of Free Markets,1
Sutton London,1
Inverness Scotland,1
Canada  USA,1
Almost there,1
South India,1
Mostly DC and West Africa,1
LahorePakistn,1
Riyadh Saudi Arabia,1
on court,1
Guangzhou,1
Sandy Beach NSW,1
Capo Redondo So Paulo,1
My house,1
Leicestershire,1
LondonSingapore,1
Solihull West Midlands,1
Florence AL,1
Azkaban,1
The field,1
Druid Hills GA,1
Quetta Pakistan,1
Ventrolateral Frontal Cortex,1
Chandrapur,1
Tacloban City Philippines,1
Fremantle  Western Australia,1
Frisco TX,1
Indian,1
Bowling Green OH,1
Parigi Francia,1
Screwston Texas,1
Guildford Surrey,1
Wild Wild West,1
Eureka Waikato District,1
INSIDE A CPU,1
maharashtra,1
Battle Cruiser,1
BellevilleOnCanada,1
nj,1
Leicester and Malaga,1
Murrumbeena Vic AU,1
Toowoomba Queensland,1
It varies Sometimes Im at the grocery store,1
Dearborn MI,1
Wurundjeri Country,1
Usually at an airport,1
norf east,1
Dublin Airport,1
EU Romanian,1
JuvisysurOrge France,1
deep south,1
Bay Area  Massachusetts,1
Seville Spain,1
Taupo District New Zealand,1
Jammu And Kashmir,1
MA  DC,1
Royal Tunbridge Wells England,1
Ill Live and Die Africa,1
The Deep End of the Gene Pool,1
SQU,1
Milwaukee WI,1
Komatipoort South Africa,1
ManchesterSydney,1
Bydgoszcz Polska,1
Anchorage AK,1
ALLABOARD,1
Tenerife Islas Canarias,1
pasig city,1
Irvine Orange County CA USA,1
Tsakane,1
Montego Bay Jamaica,1
SC  ATL  Guadalajara JAL  The World,1
Norwich UK,1
Target,1
Logan Square Chicago,1
Algria,1
Iowa,1
Tervuren Belgi,1
Salzburg sterreich,1
Jeddah Saudi Arabia,1
Sydney  the World,1
Tartu,1
Thane West Thane,1
Beech Grove IN,1
Basingstoke,1
Dhahran,1
on mooring,1
League City Texas,1
Johanessburg South Africa,1
Gotham City,1
Puebla Mxico,1
AlicanteSpain,1
Jindabyne New South Wales,1
Orange County,1
PekanbaruRiau,1
Beverly Hills Fl,1
Bulan Bicol Region,1
UK  Ireland,1
Instagram studdedkissesblog,1
Laguna Philippines,1
Bootle Liverpool,1
MrGuya,1
be a shepherd not a sheep,1
Pretoria SA,1
Jawa Timur Indonesia,1
Staffordshire,1
The Pond,1
ToulouseLyon St Genis Laval,1
MOTLEY CRUE USA,1
CVT  MNL,1
Dar es Salaam,1
Geneva Switzerland,1
Australian,1
ARGENTINA  ENGLAND,1
Glomar NC,1
Rovaniemi Finlande,1
Chicago Suburbs,1
Ozarks,1
Tanah Merah Queensland,1
Wichita KS,1
Cranfield,1
Native Texan living in TN,1
The NonDesert Part of Arizona,1
Islas Canarias,1
Urbana Illinois,1
ChicagoTempeBarcelona,1
Lost in a good story,1
Thunder Bay Ontario,1
Western Massachusetts USA,1
Warren MI,1
Ealing,1
HarlemLoudonvilleAdirondacks,1
Cameroon,1
Groningen Nederland,1
UK Eng,1
WA OR ID MT soon to you,1
Dublin City,1
UK call centres  online,1
FOLLOWS YOU,1
Central Coast NSW Australia,1
St Paul MN,1
Hwange Zimbabwe,1
Darling Downs Queensland Aus,1
Bayern Louisiana,1
At home,1
Hook Hampshire UK,1
Rayleigh,1
Mayfair London,1
barnsley,1
The Good Life,1
Bengaluru  Pune,1
Community Guidelines,1
Northwood UK,1
Here there  back here again,1
under the thumb,1
YYC,1
Jouf Kingdom of Saudi Arabia,1
Here there and everywhere,1
Pontefract England,1
Somalia,1
Jeddah Kingdom of Saudi Arabi,1
Bishopstone England,1
London Uk,1
Appleton WI,1
IndiaUKBharat Rakshak,1
The road goes ever on and on,1
In Dim Carcosa,1
Petts Wood,1
United Kingdom  India,1
hello from lesbian,1
Richmond Hill Ontario,1
Tiruchirapalli India,1
Brasil Piracicabasp,1
Nakuru Kenya,1
Kent OH,1
JB,1
Bradford West Yorkshire,1
In transit,1
Gutu Mupandawana,1
Paris Mumbai,1
Portage MI,1
Hamiltron New Zealand,1
LucknowIndia,1
playing ow or melee At TXWES,1
South London,1
melbourneaustralia,1
London Paris England France,1
Northern Ireland United Kingd,1
Pakenham Victora Australia,1
Mesa AZ,1
mostly called Folly,1
Anywhere But Here,1
Brampton ON Canada,1
Sunnyvale CA,1
Taken by Hayes,1
Sepang Malaysia,1
anfielddemonsarakualapilah,1
Sunderland and london,1
EMAIL mbbloggmailcom,1
KE UK ZIM,1
Woodland Hills Los Angeles,1
Addu City Maldives,1
Anand,1
London  Essex,1
Bangor Northern Ireland,1
Dar es salaam,1
Savannah GA,1
Glyfada,1
Raeford NC,1
Gay Paree,1
Stade Toulousain,1
washington,1
Near Momos Wallah,1
Washington  DC,1
Bolivar Missouri,1
Inglewood CA,1
Rochester MN,1
Cheltenham England,1
Chhibramau Kannauj,1
Solihin,1
Babylon NY,1
Sandy Hook CT,1
Budapest,1
Trillicon Hills TX,1
Prague,1
Here there and ova yonda,1
Washington,1
Rahsia,1
Banning CA,1
Lucknow         Born rd Aug,1
Denver  The DSoTM,1
London USA  Doha Qatar,1
accra,1
Olomouc Cesk republika,1
Not Australia,1
ireland,1
Pineapple under the sea,1
Prague Czech Republic,1
Norwich  New York,1
Portland Dorset,1
Al Seeb Oman,1
Myrtle Beach,1
The Stars,1
Buckinghamshire,1
Heaven on EarthLDN,1
USA  Love it or leave it,1
Ayodhya India,1
todmorden,1
Indira Puram Ghaziabad,1
Naarden,1
New Mexico USA,1
Ecosse,1
East Grinstead UK,1
Legon Accra,1
In the cloud,1
LutonHoughton Regis,1
Bournemouth England,1
Los Angeles California,1
Saskatoon SKLos Angeles CA,1
The Parish of Mobberley,1
Oman,1
west midlands,1
Shimla India,1
ottawa ontario,1
Kempton Park South Africa,1
Hampshire  Sheffield UK,1
NewryGalway,1
Hiawassee,1
Beccles Suffolk,1
SinaplentyPlanetEarth,1
england,1
Iraq,1
Winston Salem NC,1
Camden,1
Elgin,1
Seattle most often,1
LonNycTyoSinLaxSydRio,1
Kanpur India,1
Middle America,1
After Anna  x,1
Belfastvm,1
Dharmapala Mawatha Col,1
London Palma NYC Sydney NOLA,1
Coventry,1
los angeles ca,1
Upper East Side,1
In my head,1
Bangaloru,1
Lafayette IN,1
Oz,1
MEL,1
grimsby uk Lincoln uk,1
Northwich England,1
VauxenBeaujolais France,1
London Enfield,1
Lounges Worldwide,1
LondonUnited Kingdom,1
Accrington England,1
Antwerp,1
Mathura DelhiLondon,1
HawassaEthiopia,1
Royal Arsenal Woolwich bhafc,1
Zoug Suisse,1
Davidson NC,1
Fraser Coast Queensland,1
anchorage ak,1
Rochester,1
Mytchett,1
under my duvet,1
Haddenham England,1
Antwerpen Belgie,1
Nigeria Africa,1
columbia mo,1
No Cal,1
in between Heaven and Earth,1
Wild World,1
US and Australia,1
AntigonishNova Scotia Canada,1
Flat Rock North Carolina USA,1
The Bay,1
North East Scotland,1
Jeddah Kingdom of Saudi Arabia,1
York England,1
Zaventem Belgi,1
Bournemouth UK,1
assam,1
Calgary Alberta Canada,1
Preston,1
instagram  magbest,1
Western cape,1
Disneyland,1
San Jose California USA,1
Shipton under Wychwood England,1
Isle of Barra Outer Hebrides,1
Cheltenham UK,1
Taj Mahal,1
Norman OK,1
Mumbai  Kolkata  Bangkok,1
KOLKATA,1
snapchatalexcarr,1
Norfolk Islands,1
Whiteabbey,1
dallas TX,1
Outaspace Canary Islands,1
PL,1
Nottingham  London England,1
Santa Rosa,1
Guantanamo Bay Camp Delta,1
Widjabal  Bundjalung Country,1
Kaurna Country  Adelaide,1
Peterborough,1
Lancashire England,1
The best coast  Left Coast,1
Lowestoft England,1
Pangani Nairobi,1
SaintDenis France,1
instagramcomnewaviator,1
Living in Newcastle and York,1
LouthDublin,1
BOMVABBBCT,1
E,1
Ireland  Bombay,1
sarvatra,1
Ahmedabad Gujarat,1
LONDON  RIYADH,1
Melbourne The Milky Way,1
N  E,1
Belgaum Karnataka  India,1
FEMA Region,1
Trowbridge England,1
Rochester UK  Bewdly Ca,1
Atlanta normally,1
Somewhere in Sand Dunes,1
Long Island,1
Buninyong Australia,1
WHATEVER,1
Palm Beach Florida   Auckland New Zealand,1
Traveling Everywhere,1
Mason OH,1
Sunshine state of south wales,1
Wherever my Heart is,1
Tukwila WA,1
oxfordshire,1
Next to a runway somewhere,1
Brunei Darussalam,1
ATLANTA,1
benalmadena Spain,1
Timberlea Nova Scotia,1
Bondi Beach Sydney,1
Mnchen,1
Choolaimedu Egmore Nungambakkam,1
Galbally  Belfast,1
Snapchat  simplydimpless,1
bahrain,1
Upper Woburn Place,1
Londonout of a suitcase,1
United States  Maryland,1
COPRCT,1
Province of Moscow Russia,1
StainesuponThames South East,1
LA Lower Alabama,1
Poole and Westminster,1
Gap France,1
California Oregon Washington,1
Sultanate of Oman Sohar,1
Worcester,1
Lapland Finland,1
Coruscant,1
In Gods unchanging hand,1
Brighton NY,1
Chester United Kingdom,1
cuernavaca,1
probably at a concert,1
Mexico Ecuador Puerto Rico Republica Dominicana Cuba Grecia,1
San Juan PR,1
the sea,1
Soundcloudcombillgatesato,1
Enfield London England,1
Long Beach California,1
NOIDA,1
outh Flo  DADECOUNTY,1
FormerRepublicOfTheUSA,1
Newcastle Straya,1
Hell MI,1
Jan Espaa,1
CLE,1
Perth Perth WA,1
Zrich,1
CA TO SAN ANTONIO,1
Where SG calls,1
In Greenlands,1
Batangas,1
California United States,1
DenverNew York Atlanta,1
London SW,1
Hackney,1
Brampton ON,1
North NSW Australia,1
Shaftesbury England,1
Penn Laird VA  CDMX Mexico,1
Scienceburg Nerdtania,1
In My Head,1
brum,1
Closter NJ,1
London Chicago,1
Edmonton Canada,1
Louisiana,1
SchleswigHolstein,1
Quetta  Gteborg,1
Hallucination,1
Mantova  Italy,1
Northern Virginia USA,1
Nibelheim,1
Suffolk VA,1
AZ USA,1
Slovenia EU,1
ShanghaiChina,1
South coast uk,1
Altrincham,1
Twiceland,1
Dublin Offaly,1
DeKalb IL,1
Delhi Tokyo,1
vernon nj,1
Santiago,1
Batmania Bearbrass Naarm,1
so far south Texas,1
Aarhus Denmark,1
Cole World,1
Montevideo Uruguay,1
Sale Cheshire,1
Biggar Scotland,1
where the bagels are,1
MT CO CA NH FL AMERICA,1
Brookeland TX,1
Brookfield CT,1
Longview TX,1
Gorey  Dublin,1
Wilmington NC,1
UP,1
Rottnest Island Western Australia,1
Mokena IL,1
George West Texas,1
Bastia  Vezzani,1
Larkhall,1
saint lucia,1
Cologne Germany,1
Foxford Co Mayo Ireland,1
Republic of Croatia,1
High Wycombe UK,1
Umm Salal Qatar,1
Bexleyheath Kent,1
Elstow Bedfordshire,1
Ime Ogbe,1
Joint Base LewisMcChord WA,1
San Jos Costa Rica,1
Milton Keynes UK,1
DentonTexasCiudad de Mexico,1
Senlac Zimbabwe,1
Tasmania Au,1
KwaZulu South Africa,1
BengaluruLondonMum,1
sheffield,1
H Ch Minh Vit Nam,1
Waterloo Region ON Canada,1
Ireland Scotland,1
kuhudi,1
Providence RI,1
Madrid Comunidad de Madrid Espaa,1
Cardiff  London,1
Nairobi Winnipeg,1
With someones daughter,1
England Wiltshire,1
Australia  Africa  America,1
world wide,1
Reno Nevada,1
Canberra ACT Australia,1
Dallas TX at the moment,1
Plainville Ga,1
Walton of Thames UK,1
Mai Apni Begum k sath rhta hon,1
Bedfordshire England,1
Above You,1
BOMBLR,1
clermont fl,1
Reynoldsburg OH,1
Paris  CDG,1
Ostrava Czech Republic,1
Matching Green East,1
South Lanarkshire Scotland,1
Freiburg Germany,1
Northern Kentucky,1
Lymm,1
Global citizen,1
in the air,1
MumbaiHyderabad,1
Fairfield CA,1
Chapel Hill North Carolina,1
Santa Ana CA,1
Yogyakarta Indonesia,1
UFO,1
Ayrshire,1
Indore MP,1
Scone New South Wales,1
on set,1
el Poble Sec Barcelona CAT,1
NSW,1
Peoria IL,1
Manchester and Warrers,1
Dublin and Sligo Ireland,1
Paradise,1
Phoenix Arizona,1
Angola,1
Petrer Espaa,1
Grass Valley CA,1
Lipa city,1
Leigh on Sea,1
Charlotte  nc  USA,1
Vishakhapatnam Andhra Pradesh,1
Montana USA,1
Welwyn Garden City East,1
Uganda Africa,1
Sheffield IA,1
Long Beach CA,1
USA NYC,1
Pitt Meadows BC Canada,1
Bhopal Madhya Pradesh,1
KolkataWest BengalIndia,1
roma,1
Potomac MD,1
Bailiwick of Jersey,1
Nintendo Japan,1
Riyadh KSA,1
High Wycombe England,1
Laisamis,1
Nagpur India,1
Swansea,1
Barcelona Repblica Catalana,1
Concord CA,1
Jammu  India,1
Quezon City National Capital Region,1
Erbil Kurdistan,1
belfast n ireland,1
In the sky,1
North Perth Perth WA,1
Yuengling Town PA,1
London to LA,1
Macau,1
St Austell Cornwall,1
Lezennes NordPasdeCalais,1
Northampton,1
Weighing anchor assessing the,1
South AfricaAzania,1
GurugramHaryana India,1
McLaren Vale South Australia,1
Sandbach Cheshire UK,1
am,1
I Got Diamonds On My Diamonds,1
Dorset,1
Cumberland RI,1
Sion Mumbai,1
L,1
San Diego CA And Loving It,1
Kelsey California,1
Sheffield and London,1
London Amsterdam  Dublin,1
Twixt Sydney and Melbourne,1
Visakhapatnam Andhra Pradesh India,1
Turks and Caicos Islands,1
emo wannabe,1
Kewarra Beach Cairns,1
Bundjalung,1
Okinawashi Okinawa,1
Nangal Punjab,1
North California FUSA,1
Fort Myers FL,1
Walthamstow,1
ksaw,1
glasgow south,1
Winter GardenFL,1
RomseyHampshire,1
Crawley,1
Yogyakarta,1
Banglore Karnataka,1
Anantapur,1
Guildford England,1
Randfontein South Africa,1
IATABLR  ICAOVOBL,1
BussirePoitevine France,1
St Pete Beach FL,1
Antwerpen,1
Norwood MA,1
Internet,1
Brooklyn New York City,1
North Korea,1
n  pus,1
Wherever the wind takes me,1
Rhode Island,1
North Wales,1
The best place on earth,1
Rolling Stones no Address,1
Winscombe England,1
NY NY,1
Oxford MS I guess,1
Stuttgart Alemania,1
Howard University,1
UKSpainGibraltar,1
im not sharing my soundcloud,1
Osaka,1
LEEDS UK,1
Saskatoon Saskatchewan,1
hehim,1
colorado,1
Carson City NV,1
VintonVa,1
Coalville England,1
where the wind takes me,1
Knigstein im Taunus Deutschland,1
London Ontario Canada,1
Garstang England,1
Add your location,1
Gaithersburg MD,1
Johnstown CO,1
Texas for now,1
Hull uk,1
Republic of Mozambique,1
Nottingham  England,1
UKWorld,1
Theni,1
Kalyug,1
EdinburghDrbak,1
ish area,1
Alabama Backup account mkrk,1
Al Madinah Al Munawwarah,1
NZUSAUKItaly or Under Duvet,1
United Africa Africa,1
KwaNtliziyo ndise nyawo ndikhp,1
London  Valencia,1
Europe  USA,1
Muscat Oman,1
httpsgooglow,1
Tiruchirappalli  TRICHY CITY,1
Hartpury NGlos  West England  Uk,1
Ho Chi Minh Vietnam,1
Federalism the way to freedom,1
Here and there,1
RunawayLove is OUT NOW,1
Southport England,1
london town,1
Maidstone Kent UK,1
Mysore India,1
HOME,1
Copenhague,1
Varese Lombardia,1
lewisham,1
Seaforth England,1
India New Delhi,1
Tzeachten BC,1
sa lola mo,1
Uttar Pradesh India,1
HEAVENLIES,1
Western MA USA,1
Harrogate UK,1
Castlebar Co Mayo Ireland,1
Narrm Melbourne,1
San Fernando Espaa,1
httpswwwpodcastdovecom,1
Im around,1
Strensall England,1
Bom Bahia,1
Ipswich QLD Australia,1
world,1
melbourne,1
Temporary World,1
Edmonton Alberta Canada,1
Hove actually,1
London England European Union,1
Footscray Melbourne,1
Ivhchcuhc,1
Queanbeyan NSW Australia,1
ZStreet Thamel,1
Overtown Wishaw Scotland,1
Central Illinois,1
Widnes England,1
Taoyuan County Taiwan,1
By the river,1
somewhere in Minnesota,1
Rockville MD,1
Where I belong,1
Hugo MN,1
The European Union,1
Colleyville TX,1
Im nutritionally sufficent,1
Dalal Street,1
Toulouse and Seattle,1
Canjan France,1
Niagara Falls Ontario,1
Split CroatiaLondon UK,1
Perak Malaysia,1
Mutare,1
Mexifornia,1
Lakeland Florida,1
cheshire,1
Sulaymaniyah KRG Iraq,1
London via Liverpool England,1
Barnes London,1
new jersey,1
Dwarka India,1
Next door to Washington DC,1
BOOSH city JHB South Africa,1
amsterdam,1
Flensburg SchleswigHolstein Germany,1
North Louisiana  USA,1
San Mateo CA,1
MumbaiMaharashtra,1
Beach Park IL Gurgaon,1
Weirdo Workshop USA,1
Saudi Arabia,1
Venmani Ariyalur,1
Addis Abeba New York City,1
Delhi NCR,1
Herts,1
right here right now,1
the Sky,1
Up Holland,1
Mulund East  Mumbai India,1
where Kyushu meets Slauson Ave,1
MumbaiIndia,1
Delhi Lucknow Kumaon India,1
Malang Jawa Timur,1
Karari India,1
Indiana,1
NYCLong Island NY,1
Feldkirch sterreich,1
East  West Coasts,1
Gothenburg Sweden,1
MIAMI,1
North East Tasmania,1
Central Kenya,1
Paso Robles CA,1
One Call Away,1
Havana ooh na na,1
Binningup WA Noongar land,1
Financial District Manhattan,1
Verulam South Africa,1
peterlee co durham,1
Hudson Valley NY,1
Elwood Melbourne,1
where it is warm and comfortable,1
NYLON,1
Anywhere in this world,1
Lneburg Germany,1
Columbia Britnica Canad,1
Mission KS,1
York UK and Southampton UK,1
NIreland,1
Dubln Irlanda,1
Sale England,1
Southern California,1
Andalucia,1
Semarang Jawa Tengah,1
Glass Dance World CA,1
In Front Of U,1
brisbane,1
Tampa FL,1
Emirates Stadium,1
Orlando FL United States,1
Andale KS,1
Hunter Valley NSW,1
Murengeti Kenya,1
shsqc  admu,1
Contrleur arien  ParisOrly,1
Sunny San Diego,1
Adamawa Nigeria,1
CappaEnniskeaneCork,1
far away in a cold dark place,1
China,1
TulsaOK,1
Anderson IN,1
gate city nc,1
Hattem Nederland,1
Amman,1
Noosaville,1
Montreal  Canada,1
Brockenhurst UK,1
Marikina City Philippines,1
puneMaharashtra,1
Gallifrey,1
seated,1
Red Sea Egypt,1
Yatsugatake Nagano,1
Floating in infinity Earth,1
Strawberry Field Forever,1
blocks down turn left,1
Self,1
Glasgow Scotland formerly Dumfries,1
Indianapolis Indiana,1
Worthing England,1
Little Rock AR,1
multi,1
Bendigo Victoria,1
Bundanyabba    Australia,1
Halifax n huddersfield,1
maddie,1
Barabanki UP lndia,1
Tenn,1
Devon EX BS,1
New YorkLondonLos Angeles,1
Johannesburg SA,1
back on my BS,1
Watford,1
Durand Illinois,1
MontereySantaCruzPaloAlto,1
Bury Saint Edmunds England,1
Singapore Sydney  the world,1
In Europe in not out,1
Salem India,1
Northumberland,1
The World,1
Fair Oaks CA,1
Tamil Nadu,1
Cape Verde,1
Creating something ICONIC,1
Liphook England,1
Deep Ellum Dallas TX,1
HTXSATX,1
uk south east,1
Ivory Coast,1
michigan,1
Undetected,1
Duniya to Jannatul Firdaus ISA,1
santosh purwestbengalindia,1
Iran and some times Quebec,1
Pekanbaru Riau,1
Seoul,1
Leipzig Deutschland,1
SubSaharan Africa,1
Stratford upon Avon,1
New Albany MS,1
On the lam,1
Luxembourg Hong Kong,1
Chiang Mai,1
Medford NY USA,1
atlanta,1
The Boot,1
Queenstown NZ,1
Mechanicsburg PA,1
Travel Channel httpswwwyoutubecomuserimperatorefernandes,1
Barcelone Espagne,1
Lagos Portugal,1
stockton mo,1
Wittering Peterborough Cambs,1
Soup,1
Coral Springs FL,1
The Internets,1
Not sure aymore,1
North Vancouver,1
Brisbane Aus,1
mother earth,1
Walsall England,1
p,1
Nowhere constant,1
Caracas  Venezuela,1
Salford,1
Founder OpGlobalGarden,1
corkonia bai,1
Plus Two Five Four,1
Auchterarder Scotland,1
Australia for part of the year,1
Verona Italy,1
Shrewsbury England,1
Northern VA,1
YES SCOTLAND,1
Nantucket Ma,1
Dartford England,1
Amsterdam Airport Schiphol,1
Contact us for promotions,1
Littlehampton England,1
muckrackcompollyallen,1
Falkirk Scotland,1
Lincolnshire UK,1
Witch Mountain,1
Assam,1
Vegas USA,1
Mahilpur India,1
Kasarani,1
Mauritius,1
Airdrie Alberta Canada,1
Limoges France,1
SatafrikaJohannesburgZeerust,1
ErmeloRSAHavanaCuba,1
Ffestiniog,1
Georgetown TX,1
NE UKTorrevieja SPAIN,1
Ibadan,1
Somerset,1
Hsinchu Taiwan,1
Garden State Resident,1
Fully mobile,1
Talarrubias Badajoz,1
Ann ArborNew Orleans,1
Teignmouth England,1
US  Canada,1
Pietermaritzburg South Africa,1
Hopewell PA,1
DFW Tx  Oklahoma City,1
MOON ABE FinishTheFight USA,1
New york,1
First World,1
Hornchurch,1
Salem Tamil Nadu  IN,1
KampalaUganda,1
Dreaming CONgrOss Free India,1
Oakdale Wales,1
Charming Ca,1
Dorado City,1
Delhi Mumbai,1
Etwatwa South Africa,1
SA,1
geelong,1
Melbourne via Crema,1
Greater Vancouver,1
South Down South Africa,1
Lohara,1
Vail AZ,1
Ayr  costa del giro,1
Kawartha Lakes Ontario,1
Sector B Chandigarh,1
Mumbai  TBC,1
KolkataJalpaiguri,1
WEST LIBERTY,1
Boulder Colorado,1
Liss England,1
San Francisco Calabarzon,1
T km,1
From Liverpool to Amsterdam,1
remote archipelago somewheres,1
newbury berkshire UK,1
LIMPOPO,1
Hobart,1
Aanant,1
Leicester United Kingdom,1
North Hollywood Los Angeles,1
Auschwitz Poland,1
Mostly at AMS,1
Winterville NC,1
Darwin Australia,1
Sydney  AU  Northern Beaches,1
DMV,1
India  elsewhere,1
Cosne Cours sur Loire,1
Dallas Texas,1
Madrid Espaa,1
Roubaix France,1
Toulouse LFBO,1
theythem,1
Near Gatwick Airport,1
Dubai and London,1
Muscat at the back,1
Wurrundjeri Land,1
Mangatawhiri NZ,1
WHAT IF CHIHIRO LOOKED BACK,1
Wandsworth London,1
Haryana India,1
limerick city ireland,1
Witham Essex England,1
Every Nice Dreams D,1
Middlesbrough,1
Muscat Sultanate of Oman,1
DurbanSouth Africa,1
ManchesterNimes,1
Panvel India,1
probably near food,1
From London UK,1
kosova  Prishtina,1
Londonunited kingdom,1
Punjab,1
Istanbul,1
seattle,1
malappuram,1
Deansgate ManchestGRAAAGH,1
Dirtymouth devon,1
Home is where the heart is,1
Turlock CA,1
On Your Timeline,1
My Own Private I Dunno,1
Jaarbeurs Utrecht,1
Stuart FL,1
Croydon,1
Nottingham United Kingdom,1
Tinonee NSW Oz,1
North East of England,1
Hartley Kent,1
Colmar France,1
BetwsyCoed Wales,1
herethereeverywhere,1
Bvumba and Mutare,1
france,1
Worcester WC,1
Panjim Goa India,1
Gurgaon  Mangalore India,1
At some concert,1
The Free State,1
MD,1
Coronado CA,1
Somerville MA,1
patna,1
Baden SwitzerlandiOs,1
The Capital Kuwait,1
Glorious North London,1
Paris  Montpellier,1
JerseyCI OrlandoFL,1
benalmdena mlaga,1
Palma de Mallorca,1
BL Zrk,1
Tatoi AB Athens LGTT,1
Seoul South Korea,1
Madison America,1
Great Barford,1
Sydney SYD,1
Gurgaon Haryana,1
Manchester  London  Los Ange,1
New Delhi and Mumbai,1
UAEAlAin,1
Bruxsselles BE,1
Hayling Island,1
Port Adelaide,1
Hong Kong Winchester  London,1
OathKeeper USA,1
Palaven,1
Bury St Edmunds Suffolk,1
A Northwestern State in USA,1
Miami Beach FL,1
Espaa Cali Colombia,1
Wherever I go is where I am,1
A village in Gozo,1
Young Engineer,1
Leicester UK,1
Wichita Ks,1
Land of the Warrior Poets,1
NavsariSurat Gujarat India,1
Catch Hi Elise,1
Aiur,1
Henderson NV,1
Southampton UK,1
RaebareliUP  AhmadabadGJ,1
So Paulo Brasil,1
Greater DMV,1
North Coast NSW,1
LuchaKliq,1
Beto O Clock,1
Westport CT,1
On Location,1
Anywhere,1
LondonGloucestershire,1
St Petersburg FL,1
BA Sociology,1
Avon IN,1
Cleveland Ohio,1
wdw,1
SoCal most of the time,1
Mkwasine,1
Jakarta Selatan DKI Jakarta,1
Manitowoc WI,1
universe,1
Blackburn England,1
Wichita KS   USVI,1
Barcelona Espaa,1
NS Canada,1
waiting for camila or kells to crown me no bad things stan,1
Entebbe Uganda,1
Winchester,1
The Republic,1
Dakota Dunes SD,1
